snapshot_ts,snapshot_date,id,web_name,team,element_type,now_cost,cost_change_event,cost_change_start,selected_by_percent,transfers_in_event,transfers_out_event,transfers_in,transfers_out,status,chance_of_playing_this_round,chance_of_playing_next_round,form,total_points,event_points,minutes,starts,expected_goals,expected_assists,expected_goal_involvements,defensive_contribution,bps,bonus,news
2026-07-27T17:41:44.590079+00:00,2026-07-27,1,Raya,1,1,60,0,0,29.9,0,0,0,0,a,,,0.0,162,0,3330,37,0.00,0.07,0.07,0,633,11,
2026-07-27T17:41:44.590079+00:00,2026-07-27,2,Arrizabalaga,1,1,50,0,0,0.2,0,0,0,0,a,,,0.0,2,0,90,1,0.00,0.00,0.00,0,11,0,
2026-07-27T17:41:44.590079+00:00,2026-07-27,3,Meslier,1,1,50,0,0,0.1,0,0,0,0,a,,,0.0,0,0,0,0,0.00,0.00,0.00,0,11,0,
2026-07-27T17:41:44.590079+00:00,2026-07-27,4,Gabriel,1,2,80,0,0,25.4,0,0,0,0,a,,,0.0,209,0,2750,30,2.94,1.75,4.69,0,724,30,
2026-07-27T17:41:44.590079+00:00,2026-07-27,5,J.Timber,1,2,65,0,0,0.7,0,0,0,0,i,,0,0.0,149,0,2452,28,4.71,1.53,6.24,0,532,9,Groin injury - Expected back 21 Aug
2026-07-27T17:41:44.590079+00:00,2026-07-27,6,Saliba,1,2,60,0,0,0.5,0,0,0,0,i,,0,0.0,137,0,2614,30,0.88,1.21,2.09,0,581,12,Back injury - Unknown return date
2026-07-27T17:41:44.590079+00:00,2026-07-27,7,Lewis-Skelly,1,3,55,0,0,0.3,0,0,0,0,a,,,0.0,29,0,697,5,0.10,0.20,0.30,0,110,0,
2026-07-27T17:41:44.590079+00:00,2026-07-27,8,Calafiori,1,2,55,0,0,13.3,0,0,0,0,a,,,0.0,109,0,1697,22,3.36,0.76,4.12,0,389,6,
2026-07-27T17:41:44.590079+00:00,2026-07-27,9,Hincapie,1,2,55,0,0,5.3,0,0,0,0,a,,,0.0,87,0,1787,20,0.36,1.67,2.03,0,335,7,
2026-07-27T17:41:44.590079+00:00,2026-07-27,10,White,1,2,55,0,0,0.0,0,0,0,0,i,,0,0.0,45,0,699,9,0.45,0.69,1.14,0,181,3,Knee injury - Expected back 21 Aug
2026-07-27T17:41:44.590079+00:00,2026-07-27,11,Mosquera,1,2,55,0,0,16.8,0,0,0,0,a,,,0.0,40,0,986,9,0.10,0.63,0.73,0,195,1,
2026-07-27T17:41:44.590079+00:00,2026-07-27,12,Saka,1,3,95,0,0,10.8,0,0,0,0,a,,,0.0,157,0,2218,25,7.57,7.16,14.73,0,570,18,
2026-07-27T17:41:44.590079+00:00,2026-07-27,13,Rice,1,3,75,0,0,22.0,0,0,0,0,a,,,0.0,184,0,3093,35,3.15,7.32,10.47,0,790,23,
2026-07-27T17:41:44.590079+00:00,2026-07-27,14,Eze,1,3,65,0,0,3.3,0,0,0,0,a,,,0.0,113,0,1885,22,5.18,2.66,7.84,0,439,8,
2026-07-27T17:41:44.590079+00:00,2026-07-27,15,Ødegaard,1,3,65,0,0,2.9,0,0,0,0,a,,,0.0,74,0,1363,16,1.25,3.65,4.90,0,306,5,
2026-07-27T17:41:44.590079+00:00,2026-07-27,16,Madueke,1,3,65,0,0,0.4,0,0,0,0,a,,,0.0,72,0,1205,16,1.23,2.86,4.09,0,254,9,
2026-07-27T17:41:44.590079+00:00,2026-07-27,17,Merino,1,3,60,0,0,1.2,0,0,0,0,a,,,0.0,67,0,1024,10,3.36,1.45,4.81,0,236,5,
2026-07-27T17:41:44.590079+00:00,2026-07-27,18,Martinelli,1,3,65,0,0,0.3,0,0,0,0,a,,,0.0,57,0,1065,11,4.12,1.27,5.39,0,195,3,
2026-07-27T17:41:44.590079+00:00,2026-07-27,19,Zubimendi,1,3,55,0,0,1.4,0,0,0,0,a,,,0.0,133,0,2991,34,2.84,2.27,5.11,0,604,9,
2026-07-27T17:41:44.590079+00:00,2026-07-27,20,Dowman,1,3,55,0,0,0.2,0,0,0,0,a,,,0.0,16,0,152,1,1.19,0.30,1.49,0,51,0,
2026-07-27T17:41:44.590079+00:00,2026-07-27,21,Nørgaard,1,3,50,0,0,0.1,0,0,0,0,a,,,0.0,7,0,101,1,0.08,0.04,0.12,0,28,0,
2026-07-27T17:41:44.590079+00:00,2026-07-27,22,Nwaneri,1,3,55,0,0,0.0,0,0,0,0,a,,,0.0,8,0,165,0,0.23,0.08,0.31,0,20,0,
2026-07-27T17:41:44.590079+00:00,2026-07-27,23,Fábio Vieira,1,3,55,0,0,0.0,0,0,0,0,a,,,0.0,0,0,0,0,0.00,0.00,0.00,0,0,0,
2026-07-27T17:41:44.590079+00:00,2026-07-27,24,Nelson,1,3,55,0,0,0.0,0,0,0,0,a,,,0.0,13,0,118,0,0.71,0.11,0.82,0,39,0,
2026-07-27T17:41:44.590079+00:00,2026-07-27,25,Gyökeres,1,4,75,0,0,13.9,0,0,0,0,a,,,0.0,128,0,2217,26,12.26,1.94,14.19,0,474,16,
2026-07-27T17:41:44.590079+00:00,2026-07-27,26,Havertz,1,4,75,0,0,4.3,0,0,0,0,a,,,0.0,36,0,577,7,3.31,0.64,3.95,0,143,3,
2026-07-27T17:41:44.590079+00:00,2026-07-27,27,G.Jesus,1,4,60,0,0,0.3,0,0,0,0,a,,,0.0,24,0,418,3,2.71,0.26,2.97,0,92,0,
2026-07-27T17:41:44.590079+00:00,2026-07-27,557,Tzolis,1,3,65,0,0,1.1,0,0,0,0,a,,,0.0,0,0,0,0,0.00,0.00,0.00,0,0,0,
2026-07-27T17:41:44.590079+00:00,2026-07-27,28,Martinez,2,1,50,0,0,4.3,0,0,0,0,a,,,0.0,120,0,2835,32,0.00,0.08,0.08,0,530,11,
2026-07-27T17:41:44.590079+00:00,2026-07-27,29,M.Bizot,2,1,45,0,0,0.1,0,0,0,0,a,,,0.0,16,0,585,6,0.00,0.00,0.00,0,75,0,
2026-07-27T17:41:44.590079+00:00,2026-07-27,30,Digne,2,2,45,0,0,1.4,0,0,0,0,a,,,0.0,97,0,1842,21,0.67,3.28,3.95,0,381,5,
2026-07-27T17:41:44.590079+00:00,2026-07-27,31,Konsa,2,2,45,0,0,19.0,0,0,0,0,a,,,0.0,100,0,3035,34,1.27,0.59,1.86,0,497,3,
2026-07-27T17:41:44.590079+00:00,2026-07-27,32,Cash,2,2,45,0,0,8.1,0,0,0,0,a,,,0.0,117,0,3016,34,1.14,2.94,4.08,0,450,7,
2026-07-27T17:41:44.590079+00:00,2026-07-27,33,Mings,2,2,45,0,0,0.2,0,0,0,0,a,,,0.0,50,0,1322,15,1.30,0.42,1.72,0,169,4,
2026-07-27T17:41:44.590079+00:00,2026-07-27,34,Pau,2,2,45,0,0,0.2,0,0,0,0,a,,,0.0,64,0,1673,18,1.33,0.39,1.72,0,280,2,
2026-07-27T17:41:44.590079+00:00,2026-07-27,35,Bogarde,2,3,50,0,0,0.1,0,0,0,0,a,,,0.0,40,0,1042,11,0.00,0.20,0.20,0,121,4,
2026-07-27T17:41:44.590079+00:00,2026-07-27,36,Maatsen,2,2,45,0,0,0.6,0,0,0,0,a,,,0.0,54,0,1590,17,1.26,2.39,3.65,0,242,1,
2026-07-27T17:41:44.590079+00:00,2026-07-27,37,Lindelöf,2,2,45,0,0,0.2,0,0,0,0,a,,,0.0,29,0,942,11,0.28,0.10,0.38,0,124,0,
2026-07-27T17:41:44.590079+00:00,2026-07-27,38,A.García,2,2,40,0,0,1.5,0,0,0,0,a,,,0.0,5,0,83,1,0.00,0.01,0.01,0,12,0,
2026-07-27T17:41:44.590079+00:00,2026-07-27,39,Nedeljkovic,2,2,40,0,0,0.4,0,0,0,0,a,,,0.0,0,0,0,0,0.00,0.00,0.00,0,0,0,
2026-07-27T17:41:44.590079+00:00,2026-07-27,41,Buendía,2,3,60,0,0,0.8,0,0,0,0,a,,,0.0,102,0,1753,21,3.38,2.23,5.61,0,382,10,
2026-07-27T17:41:44.590079+00:00,2026-07-27,42,Guessand,2,3,55,0,0,0.0,0,0,0,0,a,,,0.0,44,0,909,9,1.56,0.85,2.41,0,143,0,
2026-07-27T17:41:44.590079+00:00,2026-07-27,44,Bailey,2,3,55,0,0,0.1,0,0,0,0,a,,,0.0,21,0,450,3,0.50,1.46,1.96,0,69,0,
2026-07-27T17:41:44.590079+00:00,2026-07-27,45,McGinn,2,3,55,0,0,2.7,0,0,0,0,a,,,0.0,103,0,2136,28,3.00,4.11,7.11,0,443,6,
2026-07-27T17:41:44.590079+00:00,2026-07-27,46,Barkley,2,3,50,0,0,0.2,0,0,0,0,a,,,0.0,56,0,844,7,1.58,1.26,2.84,0,221,5,
2026-07-27T17:41:44.590079+00:00,2026-07-27,47,Kamara,2,3,50,0,0,0.1,0,0,0,0,d,,75,0.0,61,0,1410,17,0.53,0.84,1.36,0,282,7,Knee injury - 75% chance of playing
2026-07-27T17:41:44.590079+00:00,2026-07-27,48,Onana,2,3,50,0,0,0.0,0,0,0,0,i,,0,0.0,76,0,1755,21,1.68,0.69,2.37,0,353,4,Knee injury - Unknown return date
2026-07-27T17:41:44.590079+00:00,2026-07-27,49,Iling Jr,2,3,50,0,0,0.0,0,0,0,0,a,,,0.0,0,0,0,0,0.00,0.00,0.00,0,0,0,
2026-07-27T17:41:44.590079+00:00,2026-07-27,50,Burrowes,2,3,45,0,0,1.1,0,0,0,0,a,,,0.0,1,0,16,0,0.00,0.00,0.00,0,3,0,
2026-07-27T17:41:44.590079+00:00,2026-07-27,51,George Hemmings,2,3,45,0,0,0.2,0,0,0,0,a,,,0.0,2,0,25,0,0.04,0.01,0.05,0,5,0,
2026-07-27T17:41:44.590079+00:00,2026-07-27,52,Alysson,2,3,50,0,0,0.0,0,0,0,0,a,,,0.0,3,0,47,0,0.05,0.05,0.10,0,11,0,
2026-07-27T17:41:44.590079+00:00,2026-07-27,53,Manzambi,2,3,60,0,0,3.1,0,0,0,0,a,,,0.0,0,0,0,0,0.00,0.00,0.00,0,0,0,
2026-07-27T17:41:44.590079+00:00,2026-07-27,54,Gomes,2,3,55,0,0,0.3,0,0,0,0,a,,,0.0,85,0,2207,25,1.15,1.34,2.49,0,421,4,
2026-07-27T17:41:44.590079+00:00,2026-07-27,55,Watkins,2,4,80,0,0,12.4,0,0,0,0,a,,,0.0,167,0,2833,33,15.40,1.18,16.58,0,623,26,
2026-07-27T17:41:44.590079+00:00,2026-07-27,56,Abraham,2,4,55,0,0,0.0,0,0,0,0,i,,0,0.0,23,0,278,2,2.05,0.36,2.41,0,93,2,Shoulder injury - Expected back 23 Aug
2026-07-27T17:41:44.590079+00:00,2026-07-27,160,Garnacho,2,3,60,0,0,1.1,0,0,0,0,a,,,0.0,56,0,1261,14,3.44,3.68,7.12,0,222,3,
2026-07-27T17:41:44.590079+00:00,2026-07-27,57,Petrović,3,1,45,0,0,3.5,0,0,0,0,a,,,0.0,124,0,3420,38,0.00,0.00,0.00,0,512,5,
2026-07-27T17:41:44.590079+00:00,2026-07-27,58,Forster,3,1,40,0,0,3.2,0,0,0,0,a,,,0.0,0,0,0,0,0.00,0.00,0.00,0,0,0,
2026-07-27T17:41:44.590079+00:00,2026-07-27,59,Dennis,3,1,40,0,0,0.2,0,0,0,0,a,,,0.0,0,0,0,0,0.00,0.00,0.00,0,0,0,
2026-07-27T17:41:44.590079+00:00,2026-07-27,60,Hill,3,2,55,0,0,1.4,0,0,0,0,a,,,0.0,110,0,2102,22,0.89,1.16,2.04,0,386,4,
2026-07-27T17:41:44.590079+00:00,2026-07-27,61,Truffert,3,2,55,0,0,4.7,0,0,0,0,a,,,0.0,165,0,3378,38,1.35,3.07,4.42,0,607,19,
2026-07-27T17:41:44.590079+00:00,2026-07-27,62,Diakité,3,2,50,0,0,0.2,0,0,0,0,a,,,0.0,46,0,1275,15,0.02,0.19,0.21,0,164,2,
2026-07-27T17:41:44.590079+00:00,2026-07-27,63,Milosavljević,3,2,50,0,0,0.1,0,0,0,0,a,,,0.0,19,0,367,4,0.15,0.19,0.34,0,63,0,
2026-07-27T17:41:44.590079+00:00,2026-07-27,64,Smith,3,2,45,0,0,0.1,0,0,0,0,a,,,0.0,58,0,1073,14,0.00,0.23,0.23,0,185,4,
2026-07-27T17:41:44.590079+00:00,2026-07-27,65,J.Araujo,3,2,45,0,0,0.1,0,0,0,0,a,,,0.0,0,0,0,0,0.00,0.00,0.00,0,0,0,
2026-07-27T17:41:44.590079+00:00,2026-07-27,66,Soler,3,2,40,0,0,0.6,0,0,0,0,a,,,0.0,3,0,34,0,0.00,0.00,0.00,0,2,0,
2026-07-27T17:41:44.590079+00:00,2026-07-27,67,Rayan,3,3,65,0,0,3.5,0,0,0,0,a,,,0.0,67,0,1110,13,2.67,1.84,4.51,0,238,3,
2026-07-27T17:41:44.590079+00:00,2026-07-27,68,Tavernier,3,3,60,0,0,1.4,0,0,0,0,a,,,0.0,137,0,2732,31,9.06,4.60,13.66,0,552,14,
2026-07-27T17:41:44.590079+00:00,2026-07-27,69,Scott,3,3,60,0,0,1.6,0,0,0,0,a,,,0.0,136,0,2848,34,3.80,2.94,6.74,0,603,9,
2026-07-27T17:41:44.590079+00:00,2026-07-27,70,Kluivert,3,3,60,0,0,0.8,0,0,0,0,a,,,0.0,41,0,945,10,2.31,1.55,3.86,0,147,3,
2026-07-27T17:41:44.590079+00:00,2026-07-27,71,Cook,3,3,50,0,0,0.1,0,0,0,0,a,,,0.0,40,0,872,8,0.07,0.52,0.59,0,190,0,
2026-07-27T17:41:44.590079+00:00,2026-07-27,72,Gannon-Doak,3,3,50,0,0,0.2,0,0,0,0,a,,,0.0,11,0,105,0,0.26,0.13,0.39,0,33,0,
2026-07-27T17:41:44.590079+00:00,2026-07-27,73,Adams,3,3,50,0,0,0.7,0,0,0,0,a,,,0.0,77,0,1769,21,0.63,0.63,1.26,0,346,3,
2026-07-27T17:41:44.590079+00:00,2026-07-27,74,Brooks,3,3,50,0,0,0.2,0,0,0,0,a,,,0.0,59,0,1188,13,5.81,3.40,9.21,0,215,4,
2026-07-27T17:41:44.590079+00:00,2026-07-27,75,Christie,3,3,50,0,0,0.1,0,0,0,0,s,,0,0.0,47,0,978,9,1.81,0.79,2.60,0,214,2,Suspended until 29 Aug
2026-07-27T17:41:44.590079+00:00,2026-07-27,76,Tóth.A,3,3,50,0,0,0.0,0,0,0,0,a,,,0.0,8,0,135,2,0.11,0.33,0.44,0,32,0,
2026-07-27T17:41:44.590079+00:00,2026-07-27,77,Adli,3,3,50,0,0,0.2,0,0,0,0,a,,,0.0,67,0,1074,10,2.60,1.62,4.22,0,241,4,
2026-07-27T17:41:44.590079+00:00,2026-07-27,78,Kroupi.Jr,3,3,75,0,0,13.5,0,0,0,0,a,,,0.0,113,0,1663,21,8.31,1.51,9.82,0,480,13,
2026-07-27T17:41:44.590079+00:00,2026-07-27,79,Evanilson,3,4,60,0,0,1.9,0,0,0,0,a,,,0.0,115,0,2741,32,10.64,1.48,12.12,0,412,6,
2026-07-27T17:41:44.590079+00:00,2026-07-27,80,Enes Ünal,3,4,55,0,0,0.2,0,0,0,0,a,,,0.0,27,0,214,0,2.00,0.07,2.07,0,83,1,
2026-07-27T17:41:44.590079+00:00,2026-07-27,81,Rodríguez,3,4,60,0,0,0.2,0,0,0,0,a,,,0.0,0,0,0,0,0.00,0.00,0.00,0,0,0,
2026-07-27T17:41:44.590079+00:00,2026-07-27,82,Kelleher,4,1,50,0,0,5.6,0,0,0,0,a,,,0.0,143,0,3330,37,0.00,0.22,0.22,0,570,11,
2026-07-27T17:41:44.590079+00:00,2026-07-27,83,Valdimarsson,4,1,45,0,0,0.1,0,0,0,0,a,,,0.0,1,0,90,1,0.00,0.00,0.00,0,1,0,
2026-07-27T17:41:44.590079+00:00,2026-07-27,84,Collins,4,2,55,0,0,2.0,0,0,0,0,a,,,0.0,129,0,2971,32,2.24,1.71,3.95,0,450,7,
2026-07-27T17:41:44.590079+00:00,2026-07-27,85,Van den Berg,4,2,50,0,0,0.7,0,0,0,0,a,,,0.0,113,0,2761,30,3.36,1.45,4.81,0,435,3,
2026-07-27T17:41:44.590079+00:00,2026-07-27,86,Lewis-Potter,4,3,55,0,0,0.6,0,0,0,0,a,,,0.0,115,0,1960,22,3.01,2.51,5.52,0,356,5,
2026-07-27T17:41:44.590079+00:00,2026-07-27,87,Ajer,4,2,45,0,0,0.5,0,0,0,0,a,,,0.0,76,0,1805,20,0.69,0.73,1.42,0,211,1,
2026-07-27T17:41:44.590079+00:00,2026-07-27,88,Kayode,4,2,45,0,0,5.0,0,0,0,0,a,,,0.0,113,0,3258,37,1.28,2.89,4.17,0,494,9,
2026-07-27T17:41:44.590079+00:00,2026-07-27,89,Henry,4,2,45,0,0,0.2,0,0,0,0,a,,,0.0,52,0,1322,14,0.18,0.54,0.72,0,144,0,
2026-07-27T17:41:44.590079+00:00,2026-07-27,90,Hickey,4,2,45,0,0,0.1,0,0,0,0,a,,,0.0,37,0,679,8,0.44,0.17,0.61,0,105,0,
2026-07-27T17:41:44.590079+00:00,2026-07-27,91,Pinnock,4,2,45,0,0,0.1,0,0,0,0,a,,,0.0,14,0,318,4,0.01,0.06,0.07,0,53,2,
2026-07-27T17:41:44.590079+00:00,2026-07-27,92,Ji-soo,4,2,45,0,0,0.0,0,0,0,0,a,,,0.0,0,0,0,0,0.00,0.00,0.00,0,0,0,
2026-07-27T17:41:44.590079+00:00,2026-07-27,93,Schuster,4,2,45,0,0,0.1,0,0,0,0,a,,,0.0,0,0,0,0,0.00,0.00,0.00,0,0,0,
2026-07-27T17:41:44.590079+00:00,2026-07-27,94,Schade,4,3,60,0,0,2.1,0,0,0,0,a,,,0.0,125,0,2744,32,12.08,2.05,14.13,0,385,5,
2026-07-27T17:41:44.590079+00:00,2026-07-27,95,O.Dango,4,3,65,0,0,1.4,0,0,0,0,a,,,0.0,136,0,2271,25,7.94,4.12,12.06,0,429,16,
2026-07-27T17:41:44.590079+00:00,2026-07-27,96,Damsgaard,4,3,55,0,0,0.7,0,0,0,0,a,,,0.0,113,0,2046,24,2.61,5.43,8.04,0,467,9,
2026-07-27T17:41:44.590079+00:00,2026-07-27,97,Jensen,4,3,55,0,0,0.1,0,0,0,0,a,,,0.0,98,0,2239,26,2.21,6.06,8.27,0,465,1,
2026-07-27T17:41:44.590079+00:00,2026-07-27,98,Janelt,4,3,50,0,0,0.1,0,0,0,0,a,,,0.0,74,0,1434,15,0.82,2.27,3.09,0,334,6,
2026-07-27T17:41:44.590079+00:00,2026-07-27,99,Milambo,4,3,50,0,0,0.0,0,0,0,0,d,,75,0.0,1,0,45,1,0.00,0.01,0.01,0,5,0,Knee injury - 75% chance of playing
2026-07-27T17:41:44.590079+00:00,2026-07-27,100,Carvalho,4,3,50,0,0,0.0,0,0,0,0,i,,0,0.0,13,0,100,1,0.70,0.03,0.73,0,42,1,Knee injury - Unknown return date
2026-07-27T17:41:44.590079+00:00,2026-07-27,101,Henderson,4,3,50,0,0,0.0,0,0,0,0,d,,75,0.0,76,0,1911,22,0.33,2.31,2.64,0,343,5,Wrist injury - 75% chance of playing
2026-07-27T17:41:44.590079+00:00,2026-07-27,102,Yarmoliuk,4,3,50,0,0,1.4,0,0,0,0,a,,,0.0,104,0,2652,30,1.22,1.39,2.61,0,448,1,
2026-07-27T17:41:44.590079+00:00,2026-07-27,103,Dasilva,4,3,50,0,0,0.0,0,0,0,0,a,,,0.0,2,0,2,0,0.08,0.00,0.08,0,5,0,
2026-07-27T17:41:44.590079+00:00,2026-07-27,105,Anthony,4,3,60,0,0,0.3,0,0,0,0,a,,,0.0,0,0,0,0,0.00,0.00,0.00,0,0,0,
2026-07-27T17:41:44.590079+00:00,2026-07-27,106,Thiago,4,4,80,0,0,16.6,0,0,0,0,a,,,0.0,181,0,3282,37,20.60,1.83,22.43,0,710,22,
2026-07-27T17:41:44.590079+00:00,2026-07-27,107,Furo,4,4,45,0,0,0.9,0,0,0,0,a,,,0.0,1,0,1,0,0.00,0.00,0.00,0,2,0,
2026-07-27T17:41:44.590079+00:00,2026-07-27,108,Wilson,4,4,55,0,0,0.4,0,0,0,0,a,,,0.0,0,0,0,0,0.00,0.00,0.00,0,0,0,
2026-07-27T17:41:44.590079+00:00,2026-07-27,109,Verbruggen,5,1,45,0,0,16.9,0,0,0,0,a,,,0.0,130,0,3420,38,0.00,0.06,0.06,0,616,6,
2026-07-27T17:41:44.590079+00:00,2026-07-27,110,Rushworth,5,1,45,0,0,0.3,0,0,0,0,a,,,0.0,0,0,0,0,0.00,0.00,0.00,0,0,0,
2026-07-27T17:41:44.590079+00:00,2026-07-27,111,Steele,5,1,40,0,0,5.3,0,0,0,0,a,,,0.0,0,0,0,0,0.00,0.00,0.00,0,0,0,
2026-07-27T17:41:44.590079+00:00,2026-07-27,113,F.Kadıoğlu,5,2,45,0,0,3.1,0,0,0,0,a,,,0.0,118,0,3130,34,2.06,3.31,5.37,0,514,7,
2026-07-27T17:41:44.590079+00:00,2026-07-27,114,Boscagli,5,2,45,0,0,0.1,0,0,0,0,a,,,0.0,39,0,799,9,0.05,0.47,0.52,0,171,4,
2026-07-27T17:41:44.590079+00:00,2026-07-27,115,De Cuyper,5,2,45,0,0,1.8,0,0,0,0,a,,,0.0,84,0,1404,17,1.66,4.08,5.74,0,318,9,
2026-07-27T17:41:44.590079+00:00,2026-07-27,116,Dunk,5,2,45,0,0,0.7,0,0,0,0,a,,,0.0,100,0,2837,31,1.83,0.56,2.39,0,443,5,
2026-07-27T17:41:44.590079+00:00,2026-07-27,117,Coppola,5,2,45,0,0,0.0,0,0,0,0,a,,,0.0,10,0,193,2,0.00,0.01,0.01,0,32,0,
2026-07-27T17:41:44.590079+00:00,2026-07-27,118,Igor,5,2,45,0,0,0.1,0,0,0,0,a,,,0.0,6,0,103,1,0.00,0.00,0.00,0,10,0,
2026-07-27T17:41:44.590079+00:00,2026-07-27,119,Costinha,5,2,45,0,0,0.0,0,0,0,0,a,,,0.0,0,0,0,0,0.00,0.00,0.00,0,0,0,
2026-07-27T17:41:44.590079+00:00,2026-07-27,120,Svoboda,5,2,50,0,0,0.1,0,0,0,0,a,,,0.0,0,0,0,0,0.00,0.00,0.00,0,0,0,
2026-07-27T17:41:44.590079+00:00,2026-07-27,121,Mitoma,5,3,60,0,0,0.4,0,0,0,0,i,,0,0.0,62,0,1714,19,4.04,2.74,6.78,0,247,2,Hamstring injury - Unknown return date
2026-07-27T17:41:44.590079+00:00,2026-07-27,122,Minteh,5,3,60,0,0,0.7,0,0,0,0,a,,,0.0,117,0,2389,26,3.81,5.06,8.87,0,466,9,
2026-07-27T17:41:44.590079+00:00,2026-07-27,123,Hinshelwood,5,3,60,0,0,0.3,0,0,0,0,a,,,0.0,91,0,1736,20,4.94,2.34,7.28,0,317,2,
2026-07-27T17:41:44.590079+00:00,2026-07-27,124,Groß,5,3,55,0,0,2.1,0,0,0,0,a,,,0.0,78,0,1636,18,1.39,3.95,5.34,0,389,10,
2026-07-27T17:41:44.590079+00:00,2026-07-27,125,Georginio,5,4,55,0,0,0.7,0,0,0,0,a,,,0.0,87,0,1776,20,2.90,2.90,5.80,0,290,2,
2026-07-27T17:41:44.590079+00:00,2026-07-27,126,O'Riley,5,3,55,0,0,0.1,0,0,0,0,a,,,0.0,16,0,202,2,1.21,0.18,1.39,0,48,2,
2026-07-27T17:41:44.590079+00:00,2026-07-27,127,Gomez,5,3,50,0,0,2.0,0,0,0,0,a,,,0.0,97,0,2117,26,6.24,1.72,7.96,0,361,9,
2026-07-27T17:41:44.590079+00:00,2026-07-27,128,Buonanotte,5,3,50,0,0,0.1,0,0,0,0,a,,,0.0,3,0,81,1,0.06,0.28,0.34,0,9,0,
2026-07-27T17:41:44.590079+00:00,2026-07-27,129,Ayari,5,3,55,0,0,0.6,0,0,0,0,a,,,0.0,98,0,1921,20,2.70,1.15,3.85,0,406,7,
2026-07-27T17:41:44.590079+00:00,2026-07-27,130,Wieffer,5,2,50,0,0,0.3,0,0,0,0,a,,,0.0,94,0,1901,23,1.92,1.86,3.78,0,398,6,
2026-07-27T17:41:44.590079+00:00,2026-07-27,131,Baleba,5,3,50,0,0,0.6,0,0,0,0,a,,,0.0,56,0,1646,23,0.78,0.72,1.50,0,231,0,
2026-07-27T17:41:44.590079+00:00,2026-07-27,132,Howell,5,3,45,0,0,0.3,0,0,0,0,a,,,0.0,4,0,92,1,0.00,0.03,0.03,0,11,0,
2026-07-27T17:41:44.590079+00:00,2026-07-27,133,Watson,5,3,50,0,0,0.0,0,0,0,0,a,,,0.0,5,0,57,0,0.04,0.03,0.07,0,15,0,
2026-07-27T17:41:44.590079+00:00,2026-07-27,134,Oriola,5,3,45,0,0,0.2,0,0,0,0,a,,,0.0,1,0,1,0,0.00,0.00,0.00,0,3,0,
2026-07-27T17:41:44.590079+00:00,2026-07-27,135,Yohanna,5,3,50,0,0,0.1,0,0,0,0,a,,,0.0,0,0,0,0,0.00,0.00,0.00,0,0,0,
2026-07-27T17:41:44.590079+00:00,2026-07-27,136,Welbeck,5,4,60,0,0,3.0,0,0,0,0,a,,,0.0,126,0,2249,26,12.36,1.40,13.76,0,511,18,
2026-07-27T17:41:44.590079+00:00,2026-07-27,137,Tzimas,5,4,55,0,0,0.1,0,0,0,0,d,,75,0.0,16,0,132,1,0.44,0.11,0.55,0,55,0,Knee injury - 75% chance of playing
2026-07-27T17:41:44.590079+00:00,2026-07-27,138,Kostoulas,5,4,55,0,0,0.3,0,0,0,0,a,,,0.0,35,0,351,2,2.12,0.54,2.66,0,140,3,
2026-07-27T17:41:44.590079+00:00,2026-07-27,139,Ferguson,5,4,50,0,0,0.0,0,0,0,0,i,,0,0.0,0,0,0,0,0.00,0.00,0.00,0,0,0,Ankle injury - Expected back 10 Oct
2026-07-27T17:41:44.590079+00:00,2026-07-27,328,Struijk,5,2,50,0,0,0.5,0,0,0,0,a,,,0.0,108,0,2935,33,3.06,0.76,3.82,0,412,4,
2026-07-27T17:41:44.590079+00:00,2026-07-27,504,Vuskovic,5,2,50,0,0,2.5,0,0,0,0,a,,,0.0,0,0,0,0,0.00,0.00,0.00,0,0,0,
2026-07-27T17:41:44.590079+00:00,2026-07-27,40,Rogers,6,3,75,0,0,33.8,0,0,0,0,a,,,0.0,169,0,3280,37,6.84,4.32,11.16,0,605,17,
2026-07-27T17:41:44.590079+00:00,2026-07-27,140,Sánchez,6,1,50,0,0,2.0,0,0,0,0,a,,,0.0,113,0,3040,35,0.00,0.04,0.04,0,509,7,
2026-07-27T17:41:44.590079+00:00,2026-07-27,141,Jörgensen,6,1,50,0,0,0.1,0,0,0,0,a,,,0.0,9,0,378,3,0.00,0.00,0.00,0,50,0,
2026-07-27T17:41:44.590079+00:00,2026-07-27,142,James,6,2,55,0,0,8.1,0,0,0,0,a,,,0.0,115,0,1957,20,1.04,3.20,4.24,0,493,11,
2026-07-27T17:41:44.590079+00:00,2026-07-27,143,Chalobah,6,2,55,0,0,2.1,0,0,0,0,a,,,0.0,136,0,2780,31,1.44,1.03,2.47,0,516,7,
2026-07-27T17:41:44.590079+00:00,2026-07-27,144,Gusto,6,2,50,0,0,1.2,0,0,0,0,a,,,0.0,96,0,2255,26,1.56,2.97,4.53,0,406,7,
2026-07-27T17:41:44.590079+00:00,2026-07-27,145,Fofana,6,2,50,0,0,0.0,0,0,0,0,s,,0,0.0,65,0,1718,20,0.72,0.60,1.32,0,288,3,Suspended until 6 Sep
2026-07-27T17:41:44.590079+00:00,2026-07-27,146,B.Badiashile,6,2,45,0,0,0.1,0,0,0,0,a,,,0.0,7,0,470,6,0.00,0.06,0.06,0,48,0,
2026-07-27T17:41:44.590079+00:00,2026-07-27,147,Tosin,6,2,45,0,0,0.2,0,0,0,0,a,,,0.0,34,0,788,8,0.11,0.40,0.50,0,130,2,
2026-07-27T17:41:44.590079+00:00,2026-07-27,148,Hato,6,2,45,0,0,1.6,0,0,0,0,a,,,0.0,19,0,1139,12,0.30,0.61,0.91,0,93,0,
2026-07-27T17:41:44.590079+00:00,2026-07-27,149,Colwill,6,2,50,0,0,2.1,0,0,0,0,a,,,0.0,8,0,225,2,0.00,0.12,0.12,0,30,0,
2026-07-27T17:41:44.590079+00:00,2026-07-27,150,M.Sarr,6,2,45,0,0,0.1,0,0,0,0,a,,,0.0,3,0,100,1,0.35,0.00,0.35,0,4,0,
2026-07-27T17:41:44.590079+00:00,2026-07-27,151,Acheampong,6,2,45,0,0,0.2,0,0,0,0,a,,,0.0,39,0,657,8,0.62,0.13,0.75,0,118,5,
2026-07-27T17:41:44.590079+00:00,2026-07-27,152,Palestra,6,2,55,0,0,1.6,0,0,0,0,a,,,0.0,0,0,0,0,0.00,0.00,0.00,0,0,0,
2026-07-27T17:41:44.590079+00:00,2026-07-27,153,Disasi,6,2,45,0,0,0.1,0,0,0,0,a,,,0.0,0,0,0,0,0.00,0.00,0.00,0,0,0,
2026-07-27T17:41:44.590079+00:00,2026-07-27,154,Palmer,6,3,95,0,0,13.2,0,0,0,0,a,,,0.0,114,0,1954,24,10.55,2.49,13.04,0,430,11,
2026-07-27T17:41:44.590079+00:00,2026-07-27,155,Enzo,6,3,70,0,0,5.1,0,0,0,0,a,,,0.0,157,0,3114,35,11.26,7.26,18.52,0,700,19,
2026-07-27T17:41:44.590079+00:00,2026-07-27,156,Neto,6,3,65,0,0,1.2,0,0,0,0,a,,,0.0,125,0,2629,30,4.59,6.84,11.43,0,543,9,
2026-07-27T17:41:44.590079+00:00,2026-07-27,157,Estêvão,6,3,65,0,0,1.4,0,0,0,0,a,,,0.0,58,0,839,12,2.91,2.14,5.05,0,172,4,
2026-07-27T17:41:44.590079+00:00,2026-07-27,158,Gittens,6,3,60,0,0,0.1,0,0,0,0,a,,,0.0,25,0,486,5,0.81,0.94,1.75,0,99,0,
2026-07-27T17:41:44.590079+00:00,2026-07-27,159,Caicedo,6,3,55,0,0,3.8,0,0,0,0,a,,,0.0,110,0,2796,32,1.45,2.38,3.83,0,580,10,
2026-07-27T17:41:44.590079+00:00,2026-07-27,161,Lavia,6,3,50,0,0,0.1,0,0,0,0,a,,,0.0,13,0,374,4,0.21,0.55,0.76,0,81,0,
2026-07-27T17:41:44.590079+00:00,2026-07-27,163,D.Essugo,6,3,45,0,0,0.2,0,0,0,0,a,,,0.0,1,0,26,0,0.00,0.01,0.01,0,7,0,
2026-07-27T17:41:44.590079+00:00,2026-07-27,164,Quenda,6,3,55,0,0,0.1,0,0,0,0,d,,75,0.0,0,0,0,0,0.00,0.00,0.00,0,0,0,Unspecified injury - 75% chance of playing
2026-07-27T17:41:44.590079+00:00,2026-07-27,165,João Pedro,6,4,75,0,0,48.8,0,0,0,0,a,,,0.0,177,0,2658,31,14.91,1.96,16.87,0,715,30,
2026-07-27T17:41:44.590079+00:00,2026-07-27,166,N.Jackson,6,4,65,0,0,0.4,0,0,0,0,a,,,0.0,0,0,0,0,0.00,0.00,0.00,0,0,0,
2026-07-27T17:41:44.590079+00:00,2026-07-27,167,Delap,6,4,55,0,0,0.5,0,0,0,0,a,,,0.0,45,0,1092,12,4.54,0.23,4.76,0,123,1,
2026-07-27T17:41:44.590079+00:00,2026-07-27,168,Marc Guiu,6,4,50,0,0,0.5,0,0,0,0,a,,,0.0,13,0,265,1,1.54,0.29,1.83,0,19,0,
2026-07-27T17:41:44.590079+00:00,2026-07-27,169,Mheuka,6,4,45,0,0,0.4,0,0,0,0,a,,,0.0,1,0,1,0,0.00,0.00,0.00,0,3,0,
2026-07-27T17:41:44.590079+00:00,2026-07-27,170,Emegha,6,4,50,0,0,0.3,0,0,0,0,d,,75,0.0,0,0,0,0,0.00,0.00,0.00,0,0,0,Hamstring injury - 75% chance of playing
2026-07-27T17:41:44.590079+00:00,2026-07-27,560,Penders,6,1,45,0,0,0.0,0,0,0,0,a,,,0.0,0,0,0,0,0.00,0.00,0.00,0,0,0,
2026-07-27T17:41:44.590079+00:00,2026-07-27,561,Anselmino,6,2,45,0,0,0.0,0,0,0,0,a,,,0.0,0,0,0,0,0.00,0.00,0.00,0,0,0,
2026-07-27T17:41:44.590079+00:00,2026-07-27,104,Onyeka,7,3,50,0,0,0.2,0,0,0,0,a,,,0.0,12,0,88,0,0.00,0.36,0.36,0,41,0,
2026-07-27T17:41:44.590079+00:00,2026-07-27,171,Dovin,7,1,40,0,0,3.5,0,0,0,0,a,,,0.0,0,0,0,0,0.00,0.00,0.00,0,0,0,
2026-07-27T17:41:44.590079+00:00,2026-07-27,172,Wilson,7,1,45,0,0,0.8,0,0,0,0,a,,,0.0,0,0,0,0,0.00,0.00,0.00,0,0,0,
2026-07-27T17:41:44.590079+00:00,2026-07-27,173,Thomas,7,2,40,0,0,5.2,0,0,0,0,a,,,0.0,0,0,0,0,0.00,0.00,0.00,0,0,0,
2026-07-27T17:41:44.590079+00:00,2026-07-27,174,Kitching,7,2,40,0,0,0.4,0,0,0,0,a,,,0.0,0,0,0,0,0.00,0.00,0.00,0,0,0,
2026-07-27T17:41:44.590079+00:00,2026-07-27,175,van Ewijk,7,2,40,0,0,17.1,0,0,0,0,a,,,0.0,0,0,0,0,0.00,0.00,0.00,0,0,0,
2026-07-27T17:41:44.590079+00:00,2026-07-27,176,Dasilva,7,2,40,0,0,0.5,0,0,0,0,a,,,0.0,0,0,0,0,0.00,0.00,0.00,0,0,0,
2026-07-27T17:41:44.590079+00:00,2026-07-27,177,Kesler-Hayden,7,2,40,0,0,0.1,0,0,0,0,a,,,0.0,0,0,0,0,0.00,0.00,0.00,0,0,0,
2026-07-27T17:41:44.590079+00:00,2026-07-27,178,Bidwell,7,2,40,0,0,0.1,0,0,0,0,a,,,0.0,0,0,0,0,0.00,0.00,0.00,0,0,0,
2026-07-27T17:41:44.590079+00:00,2026-07-27,179,Latibeaudiere,7,2,40,0,0,0.1,0,0,0,0,a,,,0.0,0,0,0,0,0.00,0.00,0.00,0,0,0,
2026-07-27T17:41:44.590079+00:00,2026-07-27,180,Woolfenden,7,2,40,0,0,0.3,0,0,0,0,a,,,0.0,0,0,0,0,0.00,0.00,0.00,0,0,0,
2026-07-27T17:41:44.590079+00:00,2026-07-27,181,Brau,7,2,40,0,0,0.1,0,0,0,0,a,,,0.0,0,0,0,0,0.00,0.00,0.00,0,0,0,
2026-07-27T17:41:44.590079+00:00,2026-07-27,182,Amenda,7,2,40,0,0,0.5,0,0,0,0,a,,,0.0,0,0,0,0,0.00,0.00,0.00,0,0,0,
2026-07-27T17:41:44.590079+00:00,2026-07-27,183,Rudoni,7,3,50,0,0,0.3,0,0,0,0,d,,75,0.0,0,0,0,0,0.00,0.00,0.00,0,0,0,Shoulder injury - 75% chance of playing
2026-07-27T17:41:44.590079+00:00,2026-07-27,184,Grimes,7,3,50,0,0,0.2,0,0,0,0,a,,,0.0,0,0,0,0,0.00,0.00,0.00,0,0,0,
2026-07-27T17:41:44.590079+00:00,2026-07-27,185,Sakamoto,7,3,50,0,0,0.2,0,0,0,0,a,,,0.0,0,0,0,0,0.00,0.00,0.00,0,0,0,
2026-07-27T17:41:44.590079+00:00,2026-07-27,186,Mason-Clark,7,3,55,0,0,0.3,0,0,0,0,a,,,0.0,0,0,0,0,0.00,0.00,0.00,0,0,0,
2026-07-27T17:41:44.590079+00:00,2026-07-27,187,Eccles,7,3,50,0,0,0.1,0,0,0,0,a,,,0.0,0,0,0,0,0.00,0.00,0.00,0,0,0,
2026-07-27T17:41:44.590079+00:00,2026-07-27,188,Torp,7,3,55,0,0,0.2,0,0,0,0,a,,,0.0,0,0,0,0,0.00,0.00,0.00,0,0,0,
2026-07-27T17:41:44.590079+00:00,2026-07-27,189,Shepherd,7,3,45,0,0,0.3,0,0,0,0,a,,,0.0,0,0,0,0,0.00,0.00,0.00,0,0,0,
2026-07-27T17:41:44.590079+00:00,2026-07-27,190,Tchaouna,7,3,55,0,0,0.1,0,0,0,0,a,,,0.0,0,0,0,0,0.00,0.00,0.00,0,0,0,
2026-07-27T17:41:44.590079+00:00,2026-07-27,191,Borges Rodrigues,7,3,45,0,0,0.2,0,0,0,0,a,,,0.0,0,0,0,0,0.00,0.00,0.00,0,0,0,
2026-07-27T17:41:44.590079+00:00,2026-07-27,192,Andrews,7,3,45,0,0,0.7,0,0,0,0,a,,,0.0,0,0,0,0,0.00,0.00,0.00,0,0,0,
2026-07-27T17:41:44.590079+00:00,2026-07-27,193,Wright,7,4,55,0,0,1.8,0,0,0,0,a,,,0.0,0,0,0,0,0.00,0.00,0.00,0,0,0,
2026-07-27T17:41:44.590079+00:00,2026-07-27,194,Thomas-Asante,7,4,50,0,0,1.0,0,0,0,0,a,,,0.0,0,0,0,0,0.00,0.00,0.00,0,0,0,
2026-07-27T17:41:44.590079+00:00,2026-07-27,195,Simms,7,4,50,0,0,0.7,0,0,0,0,a,,,0.0,0,0,0,0,0.00,0.00,0.00,0,0,0,
2026-07-27T17:41:44.590079+00:00,2026-07-27,196,Markelo,7,4,50,0,0,0.1,0,0,0,0,a,,,0.0,0,0,0,0,0.00,0.00,0.00,0,0,0,
2026-07-27T17:41:44.590079+00:00,2026-07-27,197,Bassette,7,4,45,0,0,1.7,0,0,0,0,a,,,0.0,0,0,0,0,0.00,0.00,0.00,0,0,0,
2026-07-27T17:41:44.590079+00:00,2026-07-27,198,Henderson,8,1,50,0,0,3.1,0,0,0,0,a,,,0.0,131,0,3330,37,0.00,0.11,0.11,0,538,7,
2026-07-27T17:41:44.590079+00:00,2026-07-27,199,Benitez,8,1,45,0,0,0.1,0,0,0,0,a,,,0.0,7,0,90,1,0.00,0.00,0.00,0,29,0,
2026-07-27T17:41:44.590079+00:00,2026-07-27,200,Lacroix,8,2,60,0,0,12.2,0,0,0,0,a,,,0.0,154,0,3085,35,2.45,0.83,3.28,0,529,11,
2026-07-27T17:41:44.590079+00:00,2026-07-27,201,Muñoz,8,2,55,0,0,12.4,0,0,0,0,a,,,0.0,136,0,2400,29,2.45,3.94,6.39,0,469,9,
2026-07-27T17:41:44.590079+00:00,2026-07-27,202,Richards,8,2,50,0,0,0.8,0,0,0,0,a,,,0.0,128,0,2825,31,2.42,1.56,3.98,0,453,5,
2026-07-27T17:41:44.590079+00:00,2026-07-27,203,Canvot,8,2,50,0,0,0.4,0,0,0,0,a,,,0.0,72,0,1331,14,1.48,0.33,1.81,0,216,9,
2026-07-27T17:41:44.590079+00:00,2026-07-27,204,Mitchell,8,2,45,0,0,7.4,0,0,0,0,a,,,0.0,135,0,3253,36,1.59,2.53,4.12,0,498,8,
2026-07-27T17:41:44.590079+00:00,2026-07-27,205,Sosa,8,2,45,0,0,0.1,0,0,0,0,a,,,0.0,6,0,99,0,0.04,0.07,0.11,0,9,0,
2026-07-27T17:41:44.590079+00:00,2026-07-27,206,Chadi Riad,8,2,45,0,0,0.1,0,0,0,0,a,,,0.0,20,0,550,6,0.33,0.13,0.46,0,84,0,
2026-07-27T17:41:44.590079+00:00,2026-07-27,207,Mingueza,8,2,45,0,0,0.1,0,0,0,0,a,,,0.0,0,0,0,0,0.00,0.00,0.00,0,0,0,
2026-07-27T17:41:44.590079+00:00,2026-07-27,208,Sarr,8,3,65,0,0,11.4,0,0,0,0,a,,,0.0,117,0,2173,24,10.93,1.17,12.09,0,359,9,
2026-07-27T17:41:44.590079+00:00,2026-07-27,209,Johnson,8,3,60,0,0,0.2,0,0,0,0,a,,,0.0,65,0,1710,19,2.45,1.31,3.76,0,217,2,
2026-07-27T17:41:44.590079+00:00,2026-07-27,210,Wharton,8,3,55,0,0,0.2,0,0,0,0,d,,75,0.0,112,0,2552,29,1.52,7.47,8.98,0,511,8,Ankle injury - 75% chance of playing
2026-07-27T17:41:44.590079+00:00,2026-07-27,211,Yeremy,8,3,55,0,0,0.2,0,0,0,0,a,,,0.0,77,0,2074,26,4.53,6.12,10.65,0,331,3,
2026-07-27T17:41:44.590079+00:00,2026-07-27,212,Hughes,8,3,45,0,0,10.1,0,0,0,0,a,,,0.0,45,0,1560,19,1.11,1.94,3.05,0,217,0,
2026-07-27T17:41:44.590079+00:00,2026-07-27,213,Lerma,8,3,50,0,0,0.1,0,0,0,0,a,,,0.0,69,0,1722,18,1.84,1.48,3.32,0,296,3,
2026-07-27T17:41:44.590079+00:00,2026-07-27,214,Kamada,8,3,50,0,0,0.3,0,0,0,0,a,,,0.0,67,0,1899,22,1.64,3.24,4.88,0,331,0,
2026-07-27T17:41:44.590079+00:00,2026-07-27,215,Devenny,8,3,50,0,0,0.0,0,0,0,0,a,,,0.0,36,0,785,7,2.38,0.39,2.77,0,108,0,
2026-07-27T17:41:44.590079+00:00,2026-07-27,216,Esse,8,3,50,0,0,0.1,0,0,0,0,a,,,0.0,4,0,40,0,0.00,0.04,0.04,0,12,0,
2026-07-27T17:41:44.590079+00:00,2026-07-27,217,M.França,8,3,50,0,0,0.1,0,0,0,0,a,,,0.0,0,0,0,0,0.00,0.00,0.00,0,0,0,
2026-07-27T17:41:44.590079+00:00,2026-07-27,218,Doucouré,8,3,50,0,0,0.1,0,0,0,0,a,,,0.0,0,0,0,0,0.00,0.00,0.00,0,0,0,
2026-07-27T17:41:44.590079+00:00,2026-07-27,219,J.Rak-Sakyi,8,3,50,0,0,0.0,0,0,0,0,a,,,0.0,0,0,0,0,0.00,0.00,0.00,0,0,0,
2026-07-27T17:41:44.590079+00:00,2026-07-27,220,Cardines,8,2,45,0,0,0.0,0,0,0,0,a,,,0.0,2,0,90,1,0.02,0.16,0.18,0,21,0,
2026-07-27T17:41:44.590079+00:00,2026-07-27,221,Drakes-Thomas,8,3,45,0,0,0.1,0,0,0,0,a,,,0.0,2,0,7,0,0.00,0.00,0.00,0,6,0,
2026-07-27T17:41:44.590079+00:00,2026-07-27,222,Strand Larsen,8,4,60,0,0,0.6,0,0,0,0,a,,,0.0,75,0,2301,26,5.30,1.12,6.42,0,215,3,
2026-07-27T17:41:44.590079+00:00,2026-07-27,223,Mateta,8,4,65,0,0,7.6,0,0,0,0,a,,,0.0,114,0,2210,25,14.42,1.32,15.74,0,397,13,
2026-07-27T17:41:44.590079+00:00,2026-07-27,224,Nketiah,8,4,55,0,0,0.4,0,0,0,0,a,,,0.0,23,0,414,2,1.77,0.46,2.23,0,100,3,
2026-07-27T17:41:44.590079+00:00,2026-07-27,225,Uche,8,4,50,0,0,0.0,0,0,0,0,u,,0,0.0,17,0,159,0,0.49,0.01,0.50,0,42,0,has returned to Getafe CF
2026-07-27T17:41:44.590079+00:00,2026-07-27,555,Matthews,8,1,40,0,0,1.7,0,0,0,0,a,,,0.0,0,0,0,0,0.00,0.00,0.00,0,0,0,
2026-07-27T17:41:44.590079+00:00,2026-07-27,226,Pickford,9,1,55,0,0,9.0,0,0,0,0,a,,,0.0,135,0,3420,38,0.00,0.20,0.20,0,545,11,
2026-07-27T17:41:44.590079+00:00,2026-07-27,227,Travers,9,1,50,0,0,0.1,0,0,0,0,a,,,0.0,0,0,0,0,0.00,0.00,0.00,0,0,0,
2026-07-27T17:41:44.590079+00:00,2026-07-27,228,King,9,1,45,0,0,0.1,0,0,0,0,a,,,0.0,0,0,0,0,0.00,0.00,0.00,0,0,0,
2026-07-27T17:41:44.590079+00:00,2026-07-27,229,Tarkowski,9,2,60,0,0,10.1,0,0,0,0,a,,,0.0,170,0,3330,37,2.53,2.10,4.63,0,592,12,
2026-07-27T17:41:44.590079+00:00,2026-07-27,230,Branthwaite,9,2,55,0,0,2.0,0,0,0,0,a,,,0.0,32,0,678,7,0.34,0.11,0.45,0,108,0,
2026-07-27T17:41:44.590079+00:00,2026-07-27,231,Keane,9,2,50,0,0,1.5,0,0,0,0,a,,,0.0,131,0,2588,29,2.30,0.49,2.79,0,404,8,
2026-07-27T17:41:44.590079+00:00,2026-07-27,232,O'Brien,9,2,50,0,0,0.5,0,0,0,0,a,,,0.0,116,0,3118,35,1.67,1.00,2.67,0,368,2,
2026-07-27T17:41:44.590079+00:00,2026-07-27,233,Mykolenko,9,2,45,0,0,1.6,0,0,0,0,a,,,0.0,95,0,2959,33,0.28,2.46,2.74,0,350,2,
2026-07-27T17:41:44.590079+00:00,2026-07-27,234,Patterson,9,2,45,0,0,0.1,0,0,0,0,a,,,0.0,22,0,238,3,0.03,0.04,0.07,0,67,0,
2026-07-27T17:41:44.590079+00:00,2026-07-27,235,Aznou,9,2,40,0,0,0.2,0,0,0,0,a,,,0.0,0,0,0,0,0.00,0.00,0.00,0,0,0,
2026-07-27T17:41:44.590079+00:00,2026-07-27,236,Dewsbury-Hall,9,3,65,0,0,4.3,0,0,0,0,a,,,0.0,151,0,2629,30,4.35,5.34,9.69,0,598,18,
2026-07-27T17:41:44.590079+00:00,2026-07-27,237,Ndiaye,9,3,60,0,0,21.1,0,0,0,0,a,,,0.0,128,0,2781,32,6.68,4.41,11.09,0,540,7,
2026-07-27T17:41:44.590079+00:00,2026-07-27,239,Garner,9,3,60,0,0,1.9,0,0,0,0,i,,0,0.0,159,0,3413,38,2.10,6.18,8.28,0,818,13,Groin injury - Expected back 22 Aug
2026-07-27T17:41:44.590079+00:00,2026-07-27,240,Iroegbunam,9,3,50,0,0,0.1,0,0,0,0,a,,,0.0,68,0,1477,17,0.54,0.71,1.25,0,225,1,
2026-07-27T17:41:44.590079+00:00,2026-07-27,241,McNeil,9,3,55,0,0,0.1,0,0,0,0,a,,,0.0,53,0,1161,14,1.37,1.91,3.28,0,186,1,
2026-07-27T17:41:44.590079+00:00,2026-07-27,242,George,9,3,55,0,0,0.1,0,0,0,0,a,,,0.0,16,0,351,1,0.64,1.19,1.83,0,55,0,
2026-07-27T17:41:44.590079+00:00,2026-07-27,243,Alcaraz,9,3,50,0,0,0.1,0,0,0,0,a,,,0.0,29,0,679,6,1.17,0.54,1.71,0,121,0,
2026-07-27T17:41:44.590079+00:00,2026-07-27,244,Armstrong,9,3,50,0,0,0.1,0,0,0,0,a,,,0.0,21,0,524,6,0.79,0.22,1.01,0,84,0,
2026-07-27T17:41:44.590079+00:00,2026-07-27,245,Dibling,9,3,55,0,0,0.1,0,0,0,0,a,,,0.0,18,0,349,4,0.20,0.14,0.34,0,49,0,
2026-07-27T17:41:44.590079+00:00,2026-07-27,246,Röhl,9,3,50,0,0,0.1,0,0,0,0,a,,,0.0,36,0,675,6,0.67,0.35,1.02,0,98,2,
2026-07-27T17:41:44.590079+00:00,2026-07-27,247,Hackney,9,3,55,0,0,0.3,0,0,0,0,a,,,0.0,0,0,0,0,0.00,0.00,0.00,0,0,0,
2026-07-27T17:41:44.590079+00:00,2026-07-27,248,Beto,9,4,55,0,0,3.4,0,0,0,0,a,,,0.0,104,0,1551,17,8.90,0.23,9.13,0,343,15,
2026-07-27T17:41:44.590079+00:00,2026-07-27,249,Barry,9,4,55,0,0,1.0,0,0,0,0,a,,,0.0,95,0,1898,21,8.17,0.44,8.61,0,295,9,
2026-07-27T17:41:44.590079+00:00,2026-07-27,250,Leno,10,1,45,0,0,3.2,0,0,0,0,a,,,0.0,122,0,3420,38,0.00,0.02,0.02,0,556,8,
2026-07-27T17:41:44.590079+00:00,2026-07-27,251,Lecomte,10,1,40,0,0,1.5,0,0,0,0,a,,,0.0,0,0,0,0,0.00,0.00,0.00,0,0,0,
2026-07-27T17:41:44.590079+00:00,2026-07-27,252,McNally,10,1,40,0,0,0.1,0,0,0,0,a,,,0.0,0,0,0,0,0.00,0.00,0.00,0,0,0,
2026-07-27T17:41:44.590079+00:00,2026-07-27,253,Andersen,10,2,50,0,0,0.1,0,0,0,0,s,,0,0.0,123,0,2882,33,1.43,1.83,3.26,0,424,8,Suspended until 29 Aug
2026-07-27T17:41:44.590079+00:00,2026-07-27,254,Robinson,10,2,45,0,0,3.5,0,0,0,0,a,,,0.0,65,0,1487,17,1.07,1.58,2.65,0,280,7,
2026-07-27T17:41:44.590079+00:00,2026-07-27,255,J.Cuenca,10,2,45,0,0,0.0,0,0,0,0,a,,,0.0,39,0,935,11,0.05,0.53,0.58,0,155,1,
2026-07-27T17:41:44.590079+00:00,2026-07-27,256,Tete,10,2,45,0,0,0.2,0,0,0,0,a,,,0.0,81,0,1791,21,0.92,1.46,2.38,0,318,5,
2026-07-27T17:41:44.590079+00:00,2026-07-27,257,Bassey,10,2,45,0,0,0.5,0,0,0,0,a,,,0.0,103,0,2532,28,1.71,0.35,2.05,0,392,9,
2026-07-27T17:41:44.590079+00:00,2026-07-27,258,Castagne,10,2,45,0,0,0.2,0,0,0,0,a,,,0.0,61,0,1838,20,1.50,1.47,2.97,0,294,3,
2026-07-27T17:41:44.590079+00:00,2026-07-27,261,Iwobi,10,3,55,0,0,0.9,0,0,0,0,a,,,0.0,103,0,2420,29,1.91,4.70,6.61,0,508,13,
2026-07-27T17:41:44.590079+00:00,2026-07-27,262,Smith Rowe,10,3,55,0,0,0.4,0,0,0,0,a,,,0.0,80,0,1909,22,4.71,1.12,5.83,0,351,1,
2026-07-27T17:41:44.590079+00:00,2026-07-27,263,Kevin,10,3,55,0,0,0.1,0,0,0,0,a,,,0.0,49,0,1030,9,1.21,1.47,2.68,0,183,0,
2026-07-27T17:41:44.590079+00:00,2026-07-27,264,Bobb,10,3,55,0,0,0.5,0,0,0,0,a,,,0.0,42,0,1030,11,1.47,2.10,3.57,0,182,0,
2026-07-27T17:41:44.590079+00:00,2026-07-27,265,Berge,10,3,50,0,0,0.4,0,0,0,0,a,,,0.0,91,0,2904,34,1.54,1.50,3.04,0,503,3,
2026-07-27T17:41:44.590079+00:00,2026-07-27,266,Cairney,10,3,50,0,0,0.0,0,0,0,0,a,,,0.0,41,0,756,6,1.21,0.81,2.02,0,181,1,
2026-07-27T17:41:44.590079+00:00,2026-07-27,267,Lukić,10,3,50,0,0,0.1,0,0,0,0,a,,,0.0,67,0,1730,20,2.23,1.91,4.14,0,314,4,
2026-07-27T17:41:44.590079+00:00,2026-07-27,268,King,10,3,55,0,0,0.1,0,0,0,0,a,,,0.0,63,0,1290,15,2.47,0.66,3.13,0,225,3,
2026-07-27T17:41:44.590079+00:00,2026-07-27,269,Sessegnon,10,2,45,0,0,0.4,0,0,0,0,a,,,0.0,95,0,1816,20,1.60,1.80,3.40,0,332,8,
2026-07-27T17:41:44.590079+00:00,2026-07-27,270,Reed,10,3,45,0,0,1.1,0,0,0,0,a,,,0.0,15,0,89,1,0.13,0.45,0.58,0,48,2,
2026-07-27T17:41:44.590079+00:00,2026-07-27,271,Muniz,10,4,55,0,0,0.8,0,0,0,0,a,,,0.0,36,0,987,10,3.30,0.15,3.45,0,94,3,
2026-07-27T17:41:44.590079+00:00,2026-07-27,272,Kusi-Asare,10,4,45,0,0,8.6,0,0,0,0,a,,,0.0,6,0,49,0,0.00,0.07,0.07,0,19,0,
2026-07-27T17:41:44.590079+00:00,2026-07-27,273,Phillips,11,1,40,0,0,2.5,0,0,0,0,a,,,0.0,0,0,0,0,0.00,0.00,0.00,0,0,0,
2026-07-27T17:41:44.590079+00:00,2026-07-27,274,Butland,11,1,45,0,0,1.1,0,0,0,0,a,,,0.0,0,0,0,0,0.00,0.00,0.00,0,0,0,
2026-07-27T17:41:44.590079+00:00,2026-07-27,275,Cartwright,11,1,40,0,0,0.3,0,0,0,0,a,,,0.0,0,0,0,0,0.00,0.00,0.00,0,0,0,
2026-07-27T17:41:44.590079+00:00,2026-07-27,276,Lo-Tutala,11,1,40,0,0,0.2,0,0,0,0,a,,,0.0,0,0,0,0,0.00,0.00,0.00,0,0,0,
2026-07-27T17:41:44.590079+00:00,2026-07-27,277,Egan,11,2,40,0,0,0.8,0,0,0,0,a,,,0.0,0,0,0,0,0.00,0.00,0.00,0,0,0,
2026-07-27T17:41:44.590079+00:00,2026-07-27,278,Hughes,11,2,40,0,0,2.2,0,0,0,0,a,,,0.0,0,0,0,0,0.00,0.00,0.00,0,0,0,
2026-07-27T17:41:44.590079+00:00,2026-07-27,279,Ajayi,11,2,40,0,0,0.6,0,0,0,0,a,,,0.0,0,0,0,0,0.00,0.00,0.00,0,0,0,
2026-07-27T17:41:44.590079+00:00,2026-07-27,280,Coyle,11,2,40,0,0,0.4,0,0,0,0,a,,,0.0,0,0,0,0,0.00,0.00,0.00,0,0,0,
2026-07-27T17:41:44.590079+00:00,2026-07-27,281,Drameh,11,2,40,0,0,0.1,0,0,0,0,a,,,0.0,0,0,0,0,0.00,0.00,0.00,0,0,0,
2026-07-27T17:41:44.590079+00:00,2026-07-27,282,Giles,11,2,40,0,0,0.7,0,0,0,0,a,,,0.0,0,0,0,0,0.00,0.00,0.00,0,0,0,
2026-07-27T17:41:44.590079+00:00,2026-07-27,283,Jacob,11,2,40,0,0,0.1,0,0,0,0,a,,,0.0,0,0,0,0,0.00,0.00,0.00,0,0,0,
2026-07-27T17:41:44.590079+00:00,2026-07-27,284,McCarthy,11,2,40,0,0,0.1,0,0,0,0,a,,,0.0,0,0,0,0,0.00,0.00,0.00,0,0,0,
2026-07-27T17:41:44.590079+00:00,2026-07-27,285,McNair,11,2,40,0,0,0.2,0,0,0,0,a,,,0.0,0,0,0,0,0.00,0.00,0.00,0,0,0,
2026-07-27T17:41:44.590079+00:00,2026-07-27,286,Belloumi,11,3,50,0,0,0.6,0,0,0,0,a,,,0.0,0,0,0,0,0.00,0.00,0.00,0,0,0,
2026-07-27T17:41:44.590079+00:00,2026-07-27,287,Millar,11,3,50,0,0,0.1,0,0,0,0,a,,,0.0,0,0,0,0,0.00,0.00,0.00,0,0,0,
2026-07-27T17:41:44.590079+00:00,2026-07-27,288,Dowell,11,3,45,0,0,0.6,0,0,0,0,a,,,0.0,0,0,0,0,0.00,0.00,0.00,0,0,0,
2026-07-27T17:41:44.590079+00:00,2026-07-27,289,Crooks,11,3,45,0,0,0.7,0,0,0,0,a,,,0.0,0,0,0,0,0.00,0.00,0.00,0,0,0,
2026-07-27T17:41:44.590079+00:00,2026-07-27,290,Slater,11,3,45,0,0,1.2,0,0,0,0,a,,,0.0,0,0,0,0,0.00,0.00,0.00,0,0,0,
2026-07-27T17:41:44.590079+00:00,2026-07-27,291,Matazo,11,3,45,0,0,0.0,0,0,0,0,i,,0,0.0,0,0,0,0,0.00,0.00,0.00,0,0,0,Knee injury - Unknown return date
2026-07-27T17:41:44.590079+00:00,2026-07-27,292,Ömür,11,3,50,0,0,0.0,0,0,0,0,a,,,0.0,0,0,0,0,0.00,0.00,0.00,0,0,0,
2026-07-27T17:41:44.590079+00:00,2026-07-27,293,Kamara,11,3,50,0,0,0.1,0,0,0,0,a,,,0.0,0,0,0,0,0.00,0.00,0.00,0,0,0,
2026-07-27T17:41:44.590079+00:00,2026-07-27,294,Zambrano,11,3,45,0,0,0.6,0,0,0,0,a,,,0.0,0,0,0,0,0.00,0.00,0.00,0,0,0,
2026-07-27T17:41:44.590079+00:00,2026-07-27,295,McBurnie,11,4,55,0,0,2.2,0,0,0,0,a,,,0.0,0,0,0,0,0.00,0.00,0.00,0,0,0,
2026-07-27T17:41:44.590079+00:00,2026-07-27,296,Akintola,11,3,50,0,0,0.1,0,0,0,0,a,,,0.0,0,0,0,0,0.00,0.00,0.00,0,0,0,
2026-07-27T17:41:44.590079+00:00,2026-07-27,297,Gyabi,11,3,45,0,0,0.2,0,0,0,0,a,,,0.0,0,0,0,0,0.00,0.00,0.00,0,0,0,
2026-07-27T17:41:44.590079+00:00,2026-07-27,298,Destan,11,4,45,0,0,2.7,0,0,0,0,a,,,0.0,0,0,0,0,0.00,0.00,0.00,0,0,0,
2026-07-27T17:41:44.590079+00:00,2026-07-27,299,Burstow,11,4,45,0,0,1.1,0,0,0,0,a,,,0.0,0,0,0,0,0.00,0.00,0.00,0,0,0,
2026-07-27T17:41:44.590079+00:00,2026-07-27,556,Targett,11,2,40,0,0,1.8,0,0,0,0,a,,,0.0,0,0,0,0,0.00,0.00,0.00,0,0,0,
2026-07-27T17:41:44.590079+00:00,2026-07-27,563,Morita,11,3,50,0,0,0.0,0,0,0,0,a,,,0.0,0,0,0,0,0.00,0.00,0.00,0,0,0,
2026-07-27T17:41:44.590079+00:00,2026-07-27,259,Diop,12,2,40,0,0,21.3,0,0,0,0,a,,,0.0,31,0,812,8,0.80,0.05,0.85,0,103,3,
2026-07-27T17:41:44.590079+00:00,2026-07-27,300,Walton,12,1,45,0,0,0.7,0,0,0,0,a,,,0.0,0,0,0,0,0.00,0.00,0.00,0,0,0,
2026-07-27T17:41:44.590079+00:00,2026-07-27,301,Palmer,12,1,40,0,0,6.5,0,0,0,0,a,,,0.0,0,0,0,0,0.00,0.00,0.00,0,0,0,
2026-07-27T17:41:44.590079+00:00,2026-07-27,302,Button,12,1,40,0,0,0.6,0,0,0,0,a,,,0.0,0,0,0,0,0.00,0.00,0.00,0,0,0,
2026-07-27T17:41:44.590079+00:00,2026-07-27,303,Kipré,12,2,40,0,0,0.3,0,0,0,0,a,,,0.0,0,0,0,0,0.00,0.00,0.00,0,0,0,
2026-07-27T17:41:44.590079+00:00,2026-07-27,304,O'Shea,12,2,40,0,0,1.2,0,0,0,0,a,,,0.0,0,0,0,0,0.00,0.00,0.00,0,0,0,
2026-07-27T17:41:44.590079+00:00,2026-07-27,305,Davis,12,2,40,0,0,4.3,0,0,0,0,a,,,0.0,0,0,0,0,0.00,0.00,0.00,0,0,0,
2026-07-27T17:41:44.590079+00:00,2026-07-27,306,Greaves,12,2,40,0,0,0.5,0,0,0,0,a,,,0.0,0,0,0,0,0.00,0.00,0.00,0,0,0,
2026-07-27T17:41:44.590079+00:00,2026-07-27,307,Johnson,12,2,40,0,0,0.2,0,0,0,0,a,,,0.0,0,0,0,0,0.00,0.00,0.00,0,0,0,
2026-07-27T17:41:44.590079+00:00,2026-07-27,308,Furlong,12,2,40,0,0,0.3,0,0,0,0,a,,,0.0,0,0,0,0,0.00,0.00,0.00,0,0,0,
2026-07-27T17:41:44.590079+00:00,2026-07-27,309,Núñez,12,3,50,0,0,0.2,0,0,0,0,a,,,0.0,0,0,0,0,0.00,0.00,0.00,0,0,0,
2026-07-27T17:41:44.590079+00:00,2026-07-27,310,Matusiwa,12,3,50,0,0,0.1,0,0,0,0,a,,,0.0,0,0,0,0,0.00,0.00,0.00,0,0,0,
2026-07-27T17:41:44.590079+00:00,2026-07-27,311,Burns,12,3,50,0,0,0.1,0,0,0,0,a,,,0.0,0,0,0,0,0.00,0.00,0.00,0,0,0,
2026-07-27T17:41:44.590079+00:00,2026-07-27,312,Taylor,12,3,45,0,0,0.5,0,0,0,0,a,,,0.0,0,0,0,0,0.00,0.00,0.00,0,0,0,
2026-07-27T17:41:44.590079+00:00,2026-07-27,313,Clarke,12,3,55,0,0,0.3,0,0,0,0,a,,,0.0,0,0,0,0,0.00,0.00,0.00,0,0,0,
2026-07-27T17:41:44.590079+00:00,2026-07-27,314,Ogbene,12,3,50,0,0,0.0,0,0,0,0,a,,,0.0,0,0,0,0,0.00,0.00,0.00,0,0,0,
2026-07-27T17:41:44.590079+00:00,2026-07-27,315,Fatawu,12,3,55,0,0,0.3,0,0,0,0,a,,,0.0,0,0,0,0,0.00,0.00,0.00,0,0,0,
2026-07-27T17:41:44.590079+00:00,2026-07-27,316,Emersonn,12,4,55,0,0,0.4,0,0,0,0,a,,,0.0,0,0,0,0,0.00,0.00,0.00,0,0,0,
2026-07-27T17:41:44.590079+00:00,2026-07-27,317,Hirst,12,4,50,0,0,0.5,0,0,0,0,a,,,0.0,0,0,0,0,0.00,0.00,0.00,0,0,0,
2026-07-27T17:41:44.590079+00:00,2026-07-27,318,Philogene,12,3,55,0,0,0.2,0,0,0,0,a,,,0.0,0,0,0,0,0.00,0.00,0.00,0,0,0,
2026-07-27T17:41:44.590079+00:00,2026-07-27,319,Szmodics,12,3,50,0,0,0.1,0,0,0,0,a,,,0.0,0,0,0,0,0.00,0.00,0.00,0,0,0,
2026-07-27T17:41:44.590079+00:00,2026-07-27,320,Akpom,12,4,50,0,0,0.5,0,0,0,0,a,,,0.0,0,0,0,0,0.00,0.00,0.00,0,0,0,
2026-07-27T17:41:44.590079+00:00,2026-07-27,321,Walle Egeli,12,4,45,0,0,2.4,0,0,0,0,a,,,0.0,0,0,0,0,0.00,0.00,0.00,0,0,0,
2026-07-27T17:41:44.590079+00:00,2026-07-27,322,Al-Hamadi,12,4,50,0,0,0.2,0,0,0,0,a,,,0.0,0,0,0,0,0.00,0.00,0.00,0,0,0,
2026-07-27T17:41:44.590079+00:00,2026-07-27,323,McAteer,12,3,45,0,0,2.0,0,0,0,0,a,,,0.0,0,0,0,0,0.00,0.00,0.00,0,0,0,
2026-07-27T17:41:44.590079+00:00,2026-07-27,324,Mehmeti,12,3,50,0,0,0.1,0,0,0,0,a,,,0.0,0,0,0,0,0.00,0.00,0.00,0,0,0,
2026-07-27T17:41:44.590079+00:00,2026-07-27,554,Van Oevelen,12,1,45,0,0,0.2,0,0,0,0,a,,,0.0,0,0,0,0,0.00,0.00,0.00,0,0,0,
2026-07-27T17:41:44.590079+00:00,2026-07-27,562,Maeda,12,3,55,0,0,0.1,0,0,0,0,a,,,0.0,0,0,0,0,0.00,0.00,0.00,0,0,0,
2026-07-27T17:41:44.590079+00:00,2026-07-27,260,Wilson,13,3,65,0,0,9.1,0,0,0,0,a,,,0.0,168,0,2674,32,5.88,4.77,10.65,0,637,21,
2026-07-27T17:41:44.590079+00:00,2026-07-27,326,Perri,13,1,45,0,0,0.8,0,0,0,0,a,,,0.0,43,0,1440,16,0.00,0.00,0.00,0,153,3,
2026-07-27T17:41:44.590079+00:00,2026-07-27,327,Bijol,13,2,50,0,0,0.4,0,0,0,0,a,,,0.0,99,0,1888,21,0.90,0.75,1.65,0,323,6,
2026-07-27T17:41:44.590079+00:00,2026-07-27,329,Rodon,13,2,45,0,0,2.2,0,0,0,0,a,,,0.0,109,0,2952,33,1.40,0.56,1.96,0,373,5,
2026-07-27T17:41:44.590079+00:00,2026-07-27,330,Bogle,13,2,45,0,0,0.4,0,0,0,0,a,,,0.0,96,0,2795,32,2.08,3.11,5.19,0,311,1,
2026-07-27T17:41:44.590079+00:00,2026-07-27,331,Gudmundsson,13,2,45,0,0,0.6,0,0,0,0,a,,,0.0,68,0,2637,31,1.10,2.89,3.98,0,286,8,
2026-07-27T17:41:44.590079+00:00,2026-07-27,332,Justin,13,2,45,0,0,0.5,0,0,0,0,a,,,0.0,94,0,1893,21,1.83,1.16,2.99,0,338,9,
2026-07-27T17:41:44.590079+00:00,2026-07-27,333,Bornauw,13,2,45,0,0,0.0,0,0,0,0,a,,,0.0,25,0,429,5,0.20,0.01,0.21,0,73,0,
2026-07-27T17:41:44.590079+00:00,2026-07-27,334,Muharemović,13,2,50,0,0,0.6,0,0,0,0,a,,,0.0,0,0,0,0,0.00,0.00,0.00,0,0,0,
2026-07-27T17:41:44.590079+00:00,2026-07-27,335,Stach,13,3,60,0,0,1.5,0,0,0,0,a,,,0.0,137,0,2369,28,2.88,4.47,7.35,0,550,14,
2026-07-27T17:41:44.590079+00:00,2026-07-27,336,Okafor,13,3,60,0,0,0.9,0,0,0,0,a,,,0.0,109,0,1553,19,5.25,1.32,6.57,0,354,11,
2026-07-27T17:41:44.590079+00:00,2026-07-27,337,Aaronson,13,3,55,0,0,0.6,0,0,0,0,a,,,0.0,126,0,2449,30,4.53,3.60,8.13,0,446,5,
2026-07-27T17:41:44.590079+00:00,2026-07-27,338,Ampadu,13,3,55,0,0,1.3,0,0,0,0,a,,,0.0,134,0,3119,35,2.47,2.20,4.67,0,586,11,
2026-07-27T17:41:44.590079+00:00,2026-07-27,339,Longstaff,13,3,50,0,0,0.2,0,0,0,0,a,,,0.0,56,0,1003,10,1.23,1.87,3.10,0,273,5,
2026-07-27T17:41:44.590079+00:00,2026-07-27,340,Gelhardt,13,3,50,0,0,0.1,0,0,0,0,a,,,0.0,0,0,0,0,0.00,0.00,0.00,0,0,0,
2026-07-27T17:41:44.590079+00:00,2026-07-27,341,Gnonto,13,3,50,0,0,0.1,0,0,0,0,a,,,0.0,32,0,521,4,0.40,0.77,1.17,0,134,0,
2026-07-27T17:41:44.590079+00:00,2026-07-27,342,Harrison,13,3,50,0,0,0.1,0,0,0,0,a,,,0.0,12,0,262,1,0.28,0.23,0.51,0,51,0,
2026-07-27T17:41:44.590079+00:00,2026-07-27,343,James,13,3,50,0,0,0.1,0,0,0,0,a,,,0.0,23,0,547,6,0.91,0.71,1.62,0,93,0,
2026-07-27T17:41:44.590079+00:00,2026-07-27,344,Gruev,13,3,50,0,0,0.0,0,0,0,0,a,,,0.0,56,0,1318,15,0.49,0.86,1.35,0,245,3,
2026-07-27T17:41:44.590079+00:00,2026-07-27,345,Tanaka,13,3,50,0,0,0.3,0,0,0,0,a,,,0.0,67,0,1307,14,1.44,1.39,2.83,0,288,4,
2026-07-27T17:41:44.590079+00:00,2026-07-27,346,Calvert-Lewin,13,4,60,0,0,17.7,0,0,0,0,a,,,0.0,142,0,2721,30,15.57,1.06,16.62,0,472,20,
2026-07-27T17:41:44.590079+00:00,2026-07-27,347,Nmecha,13,4,55,0,0,0.6,0,0,0,0,a,,,0.0,73,0,1065,10,7.25,1.58,8.83,0,268,8,
2026-07-27T17:41:44.590079+00:00,2026-07-27,348,Piroe,13,4,50,0,0,0.5,0,0,0,0,a,,,0.0,17,0,244,2,0.90,0.13,1.03,0,42,0,
2026-07-27T17:41:44.590079+00:00,2026-07-27,349,Mateo Joseph,13,4,45,0,0,0.6,0,0,0,0,a,,,0.0,0,0,0,0,0.00,0.00,0.00,0,0,0,
2026-07-27T17:41:44.590079+00:00,2026-07-27,350,A.Becker,14,1,55,0,0,4.2,0,0,0,0,a,,,0.0,91,0,2340,26,0.00,0.03,0.03,0,389,8,
2026-07-27T17:41:44.590079+00:00,2026-07-27,351,Mamardashvili,14,1,50,0,0,0.2,0,0,0,0,a,,,0.0,34,0,867,10,0.00,0.00,0.00,0,139,2,
2026-07-27T17:41:44.590079+00:00,2026-07-27,352,Woodman,14,1,40,0,0,1.3,0,0,0,0,a,,,0.0,6,0,212,2,0.00,0.00,0.00,0,34,0,
2026-07-27T17:41:44.590079+00:00,2026-07-27,353,Pecsi,14,1,40,0,0,0.1,0,0,0,0,a,,,0.0,0,0,0,0,0.00,0.00,0.00,0,0,0,
2026-07-27T17:41:44.590079+00:00,2026-07-27,354,Jaros,14,1,40,0,0,0.1,0,0,0,0,a,,,0.0,0,0,0,0,0.00,0.00,0.00,0,0,0,
2026-07-27T17:41:44.590079+00:00,2026-07-27,355,Davies,14,1,40,0,0,0.1,0,0,0,0,a,,,0.0,0,0,0,0,0.00,0.00,0.00,0,0,0,
2026-07-27T17:41:44.590079+00:00,2026-07-27,356,Virgil,14,2,65,0,0,15.5,0,0,0,0,a,,,0.0,175,0,3420,38,3.77,1.44,5.21,0,593,10,
2026-07-27T17:41:44.590079+00:00,2026-07-27,357,Frimpong,14,2,55,0,0,3.0,0,0,0,0,a,,,0.0,63,0,1032,12,0.50,1.55,2.05,0,237,1,
2026-07-27T17:41:44.590079+00:00,2026-07-27,358,Kerkez,14,2,55,0,0,6.3,0,0,0,0,a,,,0.0,85,0,2251,27,1.50,0.69,2.19,0,357,4,
2026-07-27T17:41:44.590079+00:00,2026-07-27,359,Gomez,14,2,50,0,0,0.2,0,0,0,0,i,,0,0.0,33,0,594,7,0.28,0.64,0.92,0,94,2,Muscular injury - Unknown return date
2026-07-27T17:41:44.590079+00:00,2026-07-27,360,Bradley,14,2,50,0,0,0.0,0,0,0,0,i,,0,0.0,42,0,928,12,0.18,0.84,1.02,0,157,2,Knee injury - Unknown return date
2026-07-27T17:41:44.590079+00:00,2026-07-27,361,Lucky,14,2,40,0,0,0.1,0,0,0,0,a,,,0.0,0,0,0,0,0.00,0.00,0.00,0,0,0,
2026-07-27T17:41:44.590079+00:00,2026-07-27,362,Jacquet,14,2,50,0,0,2.4,0,0,0,0,a,,100,0.0,0,0,0,0,0.00,0.00,0.00,0,0,0,
2026-07-27T17:41:44.590079+00:00,2026-07-27,363,Leoni,14,2,40,0,0,0.1,0,0,0,0,i,,0,0.0,0,0,0,0,0.00,0.00,0.00,0,0,0,Knee injury - Unknown return date
2026-07-27T17:41:44.590079+00:00,2026-07-27,364,Tsimikas,14,2,50,0,0,0.1,0,0,0,0,a,,,0.0,0,0,0,0,0.00,0.00,0.00,0,0,0,
2026-07-27T17:41:44.590079+00:00,2026-07-27,365,Ramsay,14,2,40,0,0,0.2,0,0,0,0,a,,,0.0,0,0,0,0,0.00,0.00,0.00,0,0,0,
2026-07-27T17:41:44.590079+00:00,2026-07-27,366,Wirtz,14,3,75,0,0,11.0,0,0,0,0,a,,,0.0,125,0,2374,27,6.83,5.14,11.96,0,521,17,
2026-07-27T17:41:44.590079+00:00,2026-07-27,367,Gakpo,14,3,70,0,0,3.4,0,0,0,0,a,,,0.0,131,0,2736,32,8.35,4.67,13.02,0,449,5,
2026-07-27T17:41:44.590079+00:00,2026-07-27,368,Szoboszlai,14,3,70,0,0,46.1,0,0,0,0,a,,,0.0,160,0,3232,36,4.76,6.83,11.59,0,780,21,
2026-07-27T17:41:44.590079+00:00,2026-07-27,369,Ngumoha,14,3,60,0,0,1.6,0,0,0,0,a,,,0.0,43,0,547,5,1.34,2.01,3.35,0,188,4,
2026-07-27T17:41:44.590079+00:00,2026-07-27,370,Chiesa,14,3,55,0,0,0.2,0,0,0,0,a,,,0.0,37,0,317,1,1.45,0.61,2.06,0,135,0,
2026-07-27T17:41:44.590079+00:00,2026-07-27,371,Gravenberch,14,3,60,0,0,1.7,0,0,0,0,a,,,0.0,144,0,2991,34,1.89,2.26,4.15,0,671,17,
2026-07-27T17:41:44.590079+00:00,2026-07-27,372,Mac Allister,14,3,55,0,0,1.9,0,0,0,0,a,,,0.0,108,0,2654,31,3.89,1.69,5.58,0,490,9,
2026-07-27T17:41:44.590079+00:00,2026-07-27,373,C.Jones,14,3,55,0,0,0.1,0,0,0,0,a,,,0.0,81,0,1923,18,2.21,2.77,4.98,0,447,6,
2026-07-27T17:41:44.590079+00:00,2026-07-27,374,Endo,14,3,50,0,0,0.0,0,0,0,0,d,,75,0.0,12,0,170,1,0.04,0.05,0.09,0,49,0,Ankle injury - 75% chance of playing
2026-07-27T17:41:44.590079+00:00,2026-07-27,375,Nyoni,14,3,50,0,0,0.0,0,0,0,0,a,,,0.0,6,0,21,0,0.37,0.02,0.39,0,11,0,
2026-07-27T17:41:44.590079+00:00,2026-07-27,376,Bajcetic,14,3,50,0,0,0.0,0,0,0,0,i,,0,0.0,0,0,0,0,0.00,0.00,0.00,0,0,0,Hamstring injury - Expected back 23 Aug
2026-07-27T17:41:44.590079+00:00,2026-07-27,377,Munoz,14,3,65,0,0,0.8,0,0,0,0,a,,,0.0,0,0,0,0,0.00,0.00,0.00,0,0,0,
2026-07-27T17:41:44.590079+00:00,2026-07-27,378,McConnell,14,3,45,0,0,0.2,0,0,0,0,a,,,0.0,0,0,0,0,0.00,0.00,0.00,0,0,0,
2026-07-27T17:41:44.590079+00:00,2026-07-27,379,Isak,14,4,90,0,0,11.9,0,0,0,0,a,,,0.0,41,0,694,8,2.59,0.08,2.67,0,140,4,
2026-07-27T17:41:44.590079+00:00,2026-07-27,380,Ekitiké,14,4,75,0,0,0.2,0,0,0,0,i,,0,0.0,125,0,1797,21,10.10,2.45,12.55,0,433,22,Achilles injury - Unknown return date
2026-07-27T17:41:44.590079+00:00,2026-07-27,381,Koumas,14,3,50,0,0,0.0,0,0,0,0,a,,,0.0,0,0,0,0,0.00,0.00,0.00,0,0,0,
2026-07-27T17:41:44.590079+00:00,2026-07-27,382,Danns,14,4,45,0,0,0.1,0,0,0,0,i,,0,0.0,0,0,0,0,0.00,0.00,0.00,0,0,0,Unspecified injury - Unknown return date
2026-07-27T17:41:44.590079+00:00,2026-07-27,383,Elliott,14,3,55,0,0,0.1,0,0,0,0,a,,,0.0,5,0,110,1,0.29,0.08,0.37,0,17,0,
2026-07-27T17:41:44.590079+00:00,2026-07-27,238,Grealish,15,3,65,0,0,0.3,0,0,0,0,a,,,0.0,79,0,1627,18,2.05,3.37,5.41,0,356,12,
2026-07-27T17:41:44.590079+00:00,2026-07-27,384,Donnarumma,15,1,55,0,0,11.2,0,0,0,0,a,,,0.0,135,0,3060,34,0.00,0.13,0.13,0,567,5,
2026-07-27T17:41:44.590079+00:00,2026-07-27,385,Trafford,15,1,50,0,0,0.8,0,0,0,0,a,,,0.0,13,0,360,4,0.00,0.00,0.00,0,67,0,
2026-07-27T17:41:44.590079+00:00,2026-07-27,386,Bettinelli,15,1,45,0,0,0.1,0,0,0,0,a,,,0.0,0,0,0,0,0.00,0.00,0.00,0,0,0,
2026-07-27T17:41:44.590079+00:00,2026-07-27,387,O'Reilly,15,2,65,0,0,24.2,0,0,0,0,a,,,0.0,160,0,2643,29,6.12,2.67,8.79,0,567,10,
2026-07-27T17:41:44.590079+00:00,2026-07-27,388,Guéhi,15,2,60,0,0,24.9,0,0,0,0,a,,,0.0,179,0,3150,35,4.05,2.37,6.42,0,688,14,
2026-07-27T17:41:44.590079+00:00,2026-07-27,389,Matheus N.,15,2,60,0,0,5.5,0,0,0,0,a,,,0.0,154,0,2861,32,0.34,2.23,2.57,0,676,16,
2026-07-27T17:41:44.590079+00:00,2026-07-27,390,Rúben,15,2,55,0,0,1.3,0,0,0,0,a,,,0.0,113,0,2139,24,0.57,0.65,1.22,0,453,4,
2026-07-27T17:41:44.590079+00:00,2026-07-27,391,Gvardiol,15,2,55,0,0,6.5,0,0,0,0,a,,,0.0,79,0,1370,16,2.25,0.70,2.95,0,303,5,
2026-07-27T17:41:44.590079+00:00,2026-07-27,392,Aït-Nouri,15,2,55,0,0,1.0,0,0,0,0,a,,,0.0,60,0,971,12,0.53,2.01,2.54,0,237,9,
2026-07-27T17:41:44.590079+00:00,2026-07-27,393,Khusanov,15,2,55,0,0,2.0,0,0,0,0,a,,,0.0,67,0,1427,15,0.65,1.21,1.86,0,293,3,
2026-07-27T17:41:44.590079+00:00,2026-07-27,394,Alleyne,15,2,50,0,0,0.0,0,0,0,0,a,,,0.0,5,0,135,2,0.26,0.06,0.32,0,27,0,
2026-07-27T17:41:44.590079+00:00,2026-07-27,395,Lewis,15,2,45,0,0,0.2,0,0,0,0,a,,,0.0,19,0,401,4,0.19,1.39,1.58,0,72,2,
2026-07-27T17:41:44.590079+00:00,2026-07-27,396,Vitor Reis,15,2,45,0,0,0.0,0,0,0,0,a,,,0.0,0,0,0,0,0.00,0.00,0.00,0,0,0,
2026-07-27T17:41:44.590079+00:00,2026-07-27,397,Semenyo,15,3,85,0,0,20.4,0,0,0,0,a,,,0.0,202,0,3200,37,11.10,3.12,14.21,0,678,18,
2026-07-27T17:41:44.590079+00:00,2026-07-27,398,Foden,15,3,70,0,0,5.4,0,0,0,0,a,,,0.0,131,0,2078,23,6.03,4.76,10.79,0,563,13,
2026-07-27T17:41:44.590079+00:00,2026-07-27,399,Cherki,15,3,75,0,0,9.8,0,0,0,0,a,,,0.0,135,0,1772,19,4.28,8.87,13.14,0,580,16,
2026-07-27T17:41:44.590079+00:00,2026-07-27,400,Doku,15,3,75,0,0,6.6,0,0,0,0,a,,,0.0,120,0,1773,19,2.87,5.86,8.73,0,526,15,
2026-07-27T17:41:44.590079+00:00,2026-07-27,401,Marmoush,15,4,70,0,0,0.6,0,0,0,0,a,,,0.0,56,0,691,8,2.78,0.77,3.55,0,182,5,
2026-07-27T17:41:44.590079+00:00,2026-07-27,402,Rodrigo,15,3,65,0,0,0.1,0,0,0,0,i,,0,0.0,69,0,1510,17,1.15,2.45,3.60,0,350,6,Back injury - Unknown return date
2026-07-27T17:41:44.590079+00:00,2026-07-27,403,Savinho,15,3,65,0,0,0.1,0,0,0,0,a,,,0.0,43,0,817,7,2.50,1.59,4.09,0,140,1,
2026-07-27T17:41:44.590079+00:00,2026-07-27,404,Reijnders,15,3,60,0,0,0.3,0,0,0,0,a,,,0.0,92,0,1623,19,4.61,2.35,6.96,0,337,6,
2026-07-27T17:41:44.590079+00:00,2026-07-27,405,N.Gonzalez,15,3,55,0,0,0.1,0,0,0,0,a,,,0.0,63,0,1561,17,0.68,1.12,1.80,0,337,1,
2026-07-27T17:41:44.590079+00:00,2026-07-27,406,Kovačić,15,3,55,0,0,0.1,0,0,0,0,a,,,0.0,9,0,125,1,0.13,0.42,0.55,0,41,0,
2026-07-27T17:41:44.590079+00:00,2026-07-27,407,Echeverri,15,3,50,0,0,0.0,0,0,0,0,a,,,0.0,0,0,0,0,0.00,0.00,0.00,0,0,0,
2026-07-27T17:41:44.590079+00:00,2026-07-27,408,Phillips,15,3,50,0,0,0.0,0,0,0,0,a,,,0.0,0,0,0,0,0.00,0.00,0.00,0,0,0,
2026-07-27T17:41:44.590079+00:00,2026-07-27,409,Mukasa,15,3,45,0,0,0.1,0,0,0,0,a,,,0.0,2,0,25,0,0.00,0.21,0.21,0,5,0,
2026-07-27T17:41:44.590079+00:00,2026-07-27,410,Monga,15,3,50,0,0,0.0,0,0,0,0,a,,,0.0,0,0,0,0,0.00,0.00,0.00,0,0,0,
2026-07-27T17:41:44.590079+00:00,2026-07-27,411,Haaland,15,4,155,0,0,75.0,0,0,0,0,a,,,0.0,239,0,2953,34,25.50,2.67,28.17,0,952,43,
2026-07-27T17:41:44.590079+00:00,2026-07-27,481,Anderson,15,3,65,0,0,12.1,0,0,0,0,a,,,0.0,180,0,3332,37,2.94,4.79,7.73,0,795,16,
2026-07-27T17:41:44.590079+00:00,2026-07-27,43,Tielemans,16,3,60,0,0,1.0,0,0,0,0,d,,75,0.0,68,0,1857,21,1.14,3.26,4.40,0,417,3,Hamstring injury - 75% chance of playing
2026-07-27T17:41:44.590079+00:00,2026-07-27,162,Andrey Santos,16,3,50,0,0,1.5,0,0,0,0,a,,,0.0,47,0,1247,13,2.00,0.88,2.88,0,257,3,
2026-07-27T17:41:44.590079+00:00,2026-07-27,325,Darlow,16,1,45,0,0,0.1,0,0,0,0,d,,75,0.0,71,0,1980,22,0.00,0.05,0.05,0,334,3,Unspecified injury - 75% chance of playing
2026-07-27T17:41:44.590079+00:00,2026-07-27,412,Lammens,16,1,50,0,0,20.1,0,0,0,0,a,,,0.0,109,0,2880,32,0.00,0.00,0.00,0,413,11,
2026-07-27T17:41:44.590079+00:00,2026-07-27,413,Bayindir,16,1,45,0,0,0.2,0,0,0,0,a,,,0.0,11,0,540,6,0.00,0.05,0.05,0,49,0,
2026-07-27T17:41:44.590079+00:00,2026-07-27,414,Heaton,16,1,40,0,0,0.3,0,0,0,0,a,,,0.0,0,0,0,0,0.00,0.00,0.00,0,0,0,
2026-07-27T17:41:44.590079+00:00,2026-07-27,415,Dorgu,16,3,60,0,0,2.0,0,0,0,0,a,,,0.0,95,0,1440,15,2.39,1.84,4.23,0,321,11,
2026-07-27T17:41:44.590079+00:00,2026-07-27,416,De Ligt,16,2,50,0,0,0.0,0,0,0,0,i,,0,0.0,43,0,1170,13,1.38,0.83,2.21,0,169,5,Back injury - Unknown return date
2026-07-27T17:41:44.590079+00:00,2026-07-27,417,Dalot,16,2,50,0,0,3.3,0,0,0,0,a,,,0.0,111,0,2609,29,1.93,2.57,4.50,0,414,9,
2026-07-27T17:41:44.590079+00:00,2026-07-27,418,Maguire,16,2,50,0,0,6.9,0,0,0,0,a,,,0.0,90,0,1649,19,1.12,0.50,1.62,0,315,5,
2026-07-27T17:41:44.590079+00:00,2026-07-27,419,Martinez,16,2,50,0,0,1.2,0,0,0,0,d,,75,0.0,51,0,1229,13,0.15,0.60,0.75,0,241,3,Thigh injury - 75% chance of playing
2026-07-27T17:41:44.590079+00:00,2026-07-27,420,Yoro,16,2,50,0,0,0.6,0,0,0,0,a,,,0.0,56,0,1730,18,1.34,0.59,1.93,0,191,1,
2026-07-27T17:41:44.590079+00:00,2026-07-27,421,Heaven,16,2,45,0,0,0.4,0,0,0,0,a,,,0.0,42,0,920,11,0.34,0.18,0.52,0,164,3,
2026-07-27T17:41:44.590079+00:00,2026-07-27,422,Mazraoui,16,2,45,0,0,0.8,0,0,0,0,a,,,0.0,53,0,977,11,0.19,0.35,0.53,0,233,6,
2026-07-27T17:41:44.590079+00:00,2026-07-27,423,Shaw,16,2,45,0,0,21.5,0,0,0,0,a,,,0.0,113,0,3220,38,0.72,1.98,2.69,0,449,3,
2026-07-27T17:41:44.590079+00:00,2026-07-27,424,Amass,16,2,40,0,0,0.2,0,0,0,0,a,,,0.0,0,0,0,0,0.00,0.00,0.00,0,0,0,
2026-07-27T17:41:44.590079+00:00,2026-07-27,425,Fredricson,16,2,40,0,0,0.1,0,0,0,0,a,,,0.0,1,0,2,0,0.00,0.00,0.00,0,4,0,
2026-07-27T17:41:44.590079+00:00,2026-07-27,426,B.Fernandes,16,3,120,0,0,48.8,0,0,0,0,a,,,0.0,235,0,3065,35,10.79,12.28,23.07,0,1008,41,
2026-07-27T17:41:44.590079+00:00,2026-07-27,427,Mbeumo,16,3,80,0,0,13.3,0,0,0,0,a,,,0.0,148,0,2611,31,11.98,4.99,16.97,0,528,16,
2026-07-27T17:41:44.590079+00:00,2026-07-27,428,Cunha,16,3,80,0,0,15.2,0,0,0,0,a,,,0.0,143,0,2493,29,6.90,3.36,10.26,0,591,14,
2026-07-27T17:41:44.590079+00:00,2026-07-27,429,Rashford,16,3,70,0,0,1.5,0,0,0,0,a,,,0.0,0,0,0,0,0.00,0.00,0.00,0,0,0,
2026-07-27T17:41:44.590079+00:00,2026-07-27,430,Mount,16,3,55,0,0,0.1,0,0,0,0,a,,,0.0,58,0,1010,12,1.56,1.62,3.18,0,201,3,
2026-07-27T17:41:44.590079+00:00,2026-07-27,431,Amad,16,3,60,0,0,1.5,0,0,0,0,a,,,0.0,91,0,2339,27,5.46,4.74,10.20,0,463,7,
2026-07-27T17:41:44.590079+00:00,2026-07-27,432,Mainoo,16,3,55,0,0,1.3,0,0,0,0,a,,,0.0,73,0,1653,16,0.48,1.27,1.75,0,340,2,
2026-07-27T17:41:44.590079+00:00,2026-07-27,433,Ugarte,16,3,50,0,0,0.0,0,0,0,0,i,,0,0.0,38,0,876,8,0.72,0.16,0.88,0,183,0,Knee injury - Unknown return date
2026-07-27T17:41:44.590079+00:00,2026-07-27,434,J.Fletcher,16,3,50,0,0,0.0,0,0,0,0,a,,,0.0,3,0,107,0,0.03,0.02,0.05,0,10,0,
2026-07-27T17:41:44.590079+00:00,2026-07-27,435,Lacey,16,3,50,0,0,0.1,0,0,0,0,a,,,0.0,3,0,40,0,0.10,0.01,0.11,0,9,0,
2026-07-27T17:41:44.590079+00:00,2026-07-27,436,Collyer,16,3,50,0,0,0.0,0,0,0,0,a,,,0.0,0,0,0,0,0.00,0.00,0.00,0,0,0,
2026-07-27T17:41:44.590079+00:00,2026-07-27,437,Bendito Mantato,16,3,45,0,0,0.2,0,0,0,0,a,,,0.0,1,0,15,0,0.00,0.01,0.01,0,3,0,
2026-07-27T17:41:44.590079+00:00,2026-07-27,438,Fletcher,16,3,45,0,0,0.3,0,0,0,0,a,,,0.0,2,0,17,0,0.00,0.01,0.01,0,6,0,
2026-07-27T17:41:44.590079+00:00,2026-07-27,439,Šeško,16,4,70,0,0,3.2,0,0,0,0,d,,75,0.0,111,0,1630,17,9.21,0.28,9.48,0,405,19,Shin injury - 75% chance of playing
2026-07-27T17:41:44.590079+00:00,2026-07-27,440,Zirkzee,16,4,55,0,0,0.7,0,0,0,0,a,,,0.0,42,0,607,5,2.74,0.34,3.08,0,146,6,
2026-07-27T17:41:44.590079+00:00,2026-07-27,441,Obi,16,4,45,0,0,1.2,0,0,0,0,a,,,0.0,0,0,0,0,0.00,0.00,0.00,0,0,0,
2026-07-27T17:41:44.590079+00:00,2026-07-27,442,Pope,17,1,50,0,0,1.0,0,0,0,0,a,,,0.0,96,0,2416,27,0.16,0.00,0.16,0,414,3,
2026-07-27T17:41:44.590079+00:00,2026-07-27,443,Gillespie,17,1,45,0,0,0.1,0,0,0,0,a,,,0.0,0,0,0,0,0.00,0.00,0.00,0,0,0,
2026-07-27T17:41:44.590079+00:00,2026-07-27,444,Jaouen,17,1,45,0,0,0.1,0,0,0,0,a,,,0.0,0,0,0,0,0.00,0.00,0.00,0,0,0,
2026-07-27T17:41:44.590079+00:00,2026-07-27,445,Thiaw,17,2,50,0,0,2.5,0,0,0,0,a,,,0.0,126,0,2963,33,4.80,0.96,5.76,0,436,12,
2026-07-27T17:41:44.590079+00:00,2026-07-27,446,Schär,17,2,50,0,0,0.1,0,0,0,0,a,,100,0.0,51,0,1089,11,0.97,0.60,1.57,0,186,0,
2026-07-27T17:41:44.590079+00:00,2026-07-27,447,Botman,17,2,50,0,0,0.4,0,0,0,0,a,,,0.0,89,0,1834,21,1.73,0.86,2.59,0,332,6,
2026-07-27T17:41:44.590079+00:00,2026-07-27,448,Burn,17,2,50,0,0,2.7,0,0,0,0,a,,,0.0,93,0,2195,25,1.08,0.36,1.44,0,286,5,
2026-07-27T17:41:44.590079+00:00,2026-07-27,449,Hall,17,2,50,0,0,4.6,0,0,0,0,a,,,0.0,79,0,2176,24,1.01,2.78,3.79,0,347,4,
2026-07-27T17:41:44.590079+00:00,2026-07-27,450,Livramento,17,2,50,0,0,0.1,0,0,0,0,d,,75,0.0,59,0,1326,14,0.13,0.89,1.02,0,252,3,Calf injury - 75% chance of playing
2026-07-27T17:41:44.590079+00:00,2026-07-27,451,A.Murphy,17,2,40,0,0,0.8,0,0,0,0,a,,,0.0,2,0,7,0,0.00,0.00,0.00,0,3,0,
2026-07-27T17:41:44.590079+00:00,2026-07-27,452,Bruno G.,17,3,70,0,0,8.1,0,0,0,0,a,,,0.0,154,0,2456,27,5.59,4.96,10.55,0,681,22,
2026-07-27T17:41:44.590079+00:00,2026-07-27,453,Barnes,17,3,60,0,0,1.0,0,0,0,0,a,,,0.0,106,0,1951,19,6.84,2.72,9.56,0,349,9,
2026-07-27T17:41:44.590079+00:00,2026-07-27,454,Elanga,17,3,60,0,0,0.7,0,0,0,0,a,,,0.0,48,0,1302,14,1.65,1.74,3.39,0,179,0,
2026-07-27T17:41:44.590079+00:00,2026-07-27,456,J.Ramsey,17,3,50,0,0,0.5,0,0,0,0,a,,,0.0,62,0,1441,15,1.20,1.45,2.65,0,303,3,
2026-07-27T17:41:44.590079+00:00,2026-07-27,457,J.Murphy,17,3,60,0,0,0.2,0,0,0,0,a,,,0.0,82,0,1606,19,3.07,2.66,5.73,0,314,5,
2026-07-27T17:41:44.590079+00:00,2026-07-27,458,Joelinton,17,3,55,0,0,0.0,0,0,0,0,d,,75,0.0,73,0,1950,23,2.36,1.35,3.71,0,304,2,Thigh injury - 75% chance of playing
2026-07-27T17:41:44.590079+00:00,2026-07-27,459,L.Miley,17,3,55,0,0,0.0,0,0,0,0,i,,0,0.0,72,0,1493,15,1.36,2.10,3.46,0,334,5,Leg injury - Expected back 30 Aug
2026-07-27T17:41:44.590079+00:00,2026-07-27,460,Willock,17,3,50,0,0,0.1,0,0,0,0,a,,,0.0,38,0,972,10,1.26,1.07,2.33,0,166,0,
2026-07-27T17:41:44.590079+00:00,2026-07-27,461,Touré,17,3,60,0,0,0.2,0,0,0,0,a,,,0.0,0,0,0,0,0.00,0.00,0.00,0,0,0,
2026-07-27T17:41:44.590079+00:00,2026-07-27,462,Steur,17,3,50,0,0,0.1,0,0,0,0,a,,,0.0,0,0,0,0,0.00,0.00,0.00,0,0,0,
2026-07-27T17:41:44.590079+00:00,2026-07-27,463,Woltemade,17,4,60,0,0,1.6,0,0,0,0,a,,,0.0,108,0,1896,24,6.59,1.53,8.12,0,399,12,
2026-07-27T17:41:44.590079+00:00,2026-07-27,464,Wissa,17,4,60,0,0,1.5,0,0,0,0,a,,,0.0,27,0,517,4,3.13,0.54,3.67,0,70,0,
2026-07-27T17:41:44.590079+00:00,2026-07-27,465,Osula,17,4,60,0,0,2.4,0,0,0,0,a,,,0.0,76,0,805,8,4.28,0.62,4.90,0,284,13,
2026-07-27T17:41:44.590079+00:00,2026-07-27,466,Neave,17,4,45,0,0,0.7,0,0,0,0,a,,,0.0,1,0,13,0,0.03,0.00,0.03,0,2,0,
2026-07-27T17:41:44.590079+00:00,2026-07-27,559,Bamba,17,3,50,0,0,0.0,0,0,0,0,a,,,0.0,0,0,0,0,0.00,0.00,0.00,0,0,0,
2026-07-27T17:41:44.590079+00:00,2026-07-27,467,Sels,18,1,50,0,0,1.4,0,0,0,0,a,,,0.0,105,0,2667,30,0.00,0.06,0.06,0,431,3,
2026-07-27T17:41:44.590079+00:00,2026-07-27,468,John,18,1,45,0,0,0.1,0,0,0,0,a,,,0.0,11,0,437,5,0.00,0.00,0.00,0,32,0,
2026-07-27T17:41:44.590079+00:00,2026-07-27,469,N.Williams,18,2,50,0,0,12.7,0,0,0,0,a,,,0.0,128,0,3203,36,2.01,3.97,5.98,0,531,15,
2026-07-27T17:41:44.590079+00:00,2026-07-27,470,Morato,18,2,50,0,0,0.1,0,0,0,0,a,,,0.0,53,0,1340,14,1.32,0.15,1.47,0,190,1,
2026-07-27T17:41:44.590079+00:00,2026-07-27,471,Milenković,18,2,55,0,0,2.3,0,0,0,0,a,,,0.0,119,0,3375,37,0.83,0.68,1.51,0,401,2,
2026-07-27T17:41:44.590079+00:00,2026-07-27,472,Murillo,18,2,55,0,0,0.2,0,0,0,0,d,,75,0.0,83,0,2130,25,0.73,0.47,1.20,0,333,3,Muscle injury - 75% chance of playing
2026-07-27T17:41:44.590079+00:00,2026-07-27,473,Aina,18,2,45,0,0,5.0,0,0,0,0,a,,,0.0,67,0,1587,18,0.41,0.84,1.25,0,264,5,
2026-07-27T17:41:44.590079+00:00,2026-07-27,474,Jair Cunha,18,2,45,0,0,1.0,0,0,0,0,a,,,0.0,13,0,514,6,0.27,0.06,0.33,0,48,0,
2026-07-27T17:41:44.590079+00:00,2026-07-27,475,Savona,18,2,45,0,0,0.0,0,0,0,0,i,,0,0.0,39,0,1025,11,1.34,0.45,1.79,0,131,0,Knee injury - Unknown return date
2026-07-27T17:41:44.590079+00:00,2026-07-27,476,O.Richards,18,2,40,0,0,0.2,0,0,0,0,a,,,0.0,0,0,0,0,0.00,0.00,0.00,0,0,0,
2026-07-27T17:41:44.590079+00:00,2026-07-27,477,Abbott,18,2,40,0,0,0.2,0,0,0,0,a,,,0.0,3,0,165,2,0.00,0.01,0.01,0,3,0,
2026-07-27T17:41:44.590079+00:00,2026-07-27,478,Netz,18,2,45,0,0,0.0,0,0,0,0,a,,,0.0,11,0,353,3,0.00,0.41,0.41,0,33,0,
2026-07-27T17:41:44.590079+00:00,2026-07-27,479,Bindon,18,2,40,0,0,0.2,0,0,0,0,a,,,0.0,0,0,0,0,0.00,0.00,0.00,0,0,0,
2026-07-27T17:41:44.590079+00:00,2026-07-27,480,Gibbs-White,18,3,80,0,0,12.7,0,0,0,0,a,,,0.0,188,0,3101,35,10.81,2.91,13.72,0,712,18,
2026-07-27T17:41:44.590079+00:00,2026-07-27,482,Hudson-Odoi,18,3,60,0,0,0.0,0,0,0,0,d,,75,0.0,88,0,1838,21,2.77,3.02,5.79,0,358,8,Thigh injury - 75% chance of playing
2026-07-27T17:41:44.590079+00:00,2026-07-27,483,Ndoye,18,3,55,0,0,0.8,0,0,0,0,a,,,0.0,50,0,1167,14,1.05,1.51,2.56,0,178,4,
2026-07-27T17:41:44.590079+00:00,2026-07-27,484,Hutchinson,18,3,55,0,0,0.2,0,0,0,0,a,,,0.0,82,0,1676,17,2.01,3.87,5.88,0,329,3,
2026-07-27T17:41:44.590079+00:00,2026-07-27,485,Bakwa,18,3,55,0,0,0.0,0,0,0,0,a,,,0.0,26,0,549,6,0.54,1.01,1.55,0,100,1,
2026-07-27T17:41:44.590079+00:00,2026-07-27,486,McAtee,18,3,55,0,0,0.1,0,0,0,0,a,,,0.0,17,0,288,2,0.18,0.37,0.55,0,60,0,
2026-07-27T17:41:44.590079+00:00,2026-07-27,487,Dominguez,18,3,50,0,0,0.1,0,0,0,0,a,,,0.0,48,0,1168,17,1.47,0.77,2.24,0,229,3,
2026-07-27T17:41:44.590079+00:00,2026-07-27,488,Sangaré,18,3,50,0,0,0.4,0,0,0,0,a,,,0.0,89,0,2073,25,1.16,1.80,2.96,0,366,2,
2026-07-27T17:41:44.590079+00:00,2026-07-27,489,Yates,18,3,45,0,0,7.5,0,0,0,0,a,,,0.0,30,0,602,2,0.49,0.37,0.86,0,123,0,
2026-07-27T17:41:44.590079+00:00,2026-07-27,490,Wood,18,4,60,0,0,1.8,0,0,0,0,a,,,0.0,41,0,896,11,4.29,0.32,4.61,0,145,4,
2026-07-27T17:41:44.590079+00:00,2026-07-27,491,Igor Jesus,18,4,60,0,0,4.1,0,0,0,0,a,,,0.0,114,0,2293,28,6.48,1.26,7.74,0,407,13,
2026-07-27T17:41:44.590079+00:00,2026-07-27,492,Awoniyi,18,4,55,0,0,0.4,0,0,0,0,a,,,0.0,43,0,480,3,3.68,0.77,4.45,0,170,4,
2026-07-27T17:41:44.590079+00:00,2026-07-27,493,Kalimuendo,18,4,55,0,0,0.1,0,0,0,0,a,,,0.0,9,0,89,0,0.44,0.02,0.46,0,24,0,
2026-07-27T17:41:44.590079+00:00,2026-07-27,558,Schlager,18,3,50,0,0,0.1,0,0,0,0,a,,,0.0,0,0,0,0,0.00,0.00,0.00,0,0,0,
2026-07-27T17:41:44.590079+00:00,2026-07-27,112,Van Hecke,19,2,50,0,0,8.3,0,0,0,0,a,,,0.0,148,0,3210,36,3.31,1.57,4.87,0,575,8,
2026-07-27T17:41:44.590079+00:00,2026-07-27,455,Tonali,19,3,55,0,0,3.0,0,0,0,0,a,,,0.0,81,0,2534,31,1.75,2.87,4.62,0,477,2,
2026-07-27T17:41:44.590079+00:00,2026-07-27,494,Vicario,19,1,45,0,0,1.7,0,0,0,0,a,,,0.0,90,0,2790,31,0.00,0.04,0.04,0,412,6,
2026-07-27T17:41:44.590079+00:00,2026-07-27,495,Austin,19,1,40,0,0,0.6,0,0,0,0,a,,,0.0,0,0,0,0,0.00,0.00,0.00,0,0,0,
2026-07-27T17:41:44.590079+00:00,2026-07-27,496,Kinsky,19,1,45,0,0,16.7,0,0,0,0,a,,,0.0,20,0,630,7,0.00,0.00,0.00,0,76,0,
2026-07-27T17:41:44.590079+00:00,2026-07-27,497,Dubravka,19,1,40,0,0,24.8,0,0,0,0,a,,,0.0,96,0,3150,35,0.00,0.04,0.04,0,436,7,
2026-07-27T17:41:44.590079+00:00,2026-07-27,498,Senesi,19,2,60,0,0,11.7,0,0,0,0,a,,,0.0,175,0,3288,37,1.53,4.72,6.25,0,571,14,
2026-07-27T17:41:44.590079+00:00,2026-07-27,499,Pedro Porro,19,2,55,0,0,24.0,0,0,0,0,a,,,0.0,117,0,2793,32,1.05,4.37,5.42,0,502,8,
2026-07-27T17:41:44.590079+00:00,2026-07-27,500,Romero,19,2,50,0,0,1.0,0,0,0,0,a,,,0.0,91,0,1869,22,1.39,1.25,2.64,0,305,10,
2026-07-27T17:41:44.590079+00:00,2026-07-27,501,Danso,19,2,50,0,0,0.2,0,0,0,0,a,,,0.0,63,0,1489,17,0.62,0.28,0.90,0,219,1,
2026-07-27T17:41:44.590079+00:00,2026-07-27,502,Robertson,19,2,45,0,0,1.7,0,0,0,0,a,,,0.0,55,0,1165,11,1.10,1.40,2.49,0,216,4,
2026-07-27T17:41:44.590079+00:00,2026-07-27,503,Van de Ven,19,2,50,0,0,6.1,0,0,0,0,a,,,0.0,116,0,3041,35,2.82,0.38,3.20,0,431,10,
2026-07-27T17:41:44.590079+00:00,2026-07-27,505,Spence,19,2,45,0,0,10.5,0,0,0,0,a,,,0.0,78,0,2049,23,0.90,1.77,2.67,0,271,3,
2026-07-27T17:41:44.590079+00:00,2026-07-27,506,Udogie,19,2,45,0,0,0.4,0,0,0,0,a,,,0.0,29,0,1335,14,0.18,0.72,0.90,0,121,1,
2026-07-27T17:41:44.590079+00:00,2026-07-27,507,Phillips,19,2,45,0,0,0.1,0,0,0,0,a,,,0.0,0,0,0,0,0.00,0.00,0.00,0,0,0,
2026-07-27T17:41:44.590079+00:00,2026-07-27,508,Davies,19,2,40,0,0,0.7,0,0,0,0,a,,,0.0,10,0,136,2,0.49,0.07,0.56,0,29,1,
2026-07-27T17:41:44.590079+00:00,2026-07-27,509,Byfield,19,2,40,0,0,0.1,0,0,0,0,a,,,0.0,1,0,1,0,0.00,0.00,0.00,0,3,0,
2026-07-27T17:41:44.590079+00:00,2026-07-27,510,Rowswell,19,2,40,0,0,0.1,0,0,0,0,a,,,0.0,1,0,1,0,0.00,0.00,0.00,0,3,0,
2026-07-27T17:41:44.590079+00:00,2026-07-27,511,Souza,19,2,40,0,0,0.3,0,0,0,0,a,,,0.0,3,0,142,2,0.02,0.03,0.05,0,0,0,
2026-07-27T17:41:44.590079+00:00,2026-07-27,512,Kudus,19,3,65,0,0,0.3,0,0,0,0,d,,75,0.0,75,0,1535,19,1.92,2.41,4.33,0,257,7,Thigh injury - 75% chance of playing
2026-07-27T17:41:44.590079+00:00,2026-07-27,513,Xavi,19,3,60,0,0,0.0,0,0,0,0,i,,0,0.0,80,0,1747,19,3.06,3.85,6.91,0,345,7,Knee injury - Unknown return date
2026-07-27T17:41:44.590079+00:00,2026-07-27,514,Tel,19,3,60,0,0,0.2,0,0,0,0,a,,,0.0,78,0,1334,13,2.47,2.43,4.89,0,266,7,
2026-07-27T17:41:44.590079+00:00,2026-07-27,515,Maddison,19,3,65,0,0,2.6,0,0,0,0,a,,,0.0,3,0,34,0,0.21,0.06,0.27,0,5,0,
2026-07-27T17:41:44.590079+00:00,2026-07-27,516,Bentancur,19,3,55,0,0,0.1,0,0,0,0,a,,,0.0,86,0,1880,23,0.72,0.84,1.56,0,366,4,
2026-07-27T17:41:44.590079+00:00,2026-07-27,517,Odobert,19,3,55,0,0,0.0,0,0,0,0,i,,0,0.0,46,0,972,10,1.92,1.21,3.13,0,176,6,Knee injury - Unknown return date
2026-07-27T17:41:44.590079+00:00,2026-07-27,518,P.M.Sarr,19,3,50,0,0,0.4,0,0,0,0,a,,,0.0,71,0,1388,13,1.63,1.11,2.74,0,313,2,
2026-07-27T17:41:44.590079+00:00,2026-07-27,519,Gallagher,19,3,55,0,0,0.2,0,0,0,0,a,,,0.0,44,0,1183,14,1.23,0.70,1.93,0,211,3,
2026-07-27T17:41:44.590079+00:00,2026-07-27,520,Bergvall,19,3,55,0,0,0.2,0,0,0,0,a,,,0.0,49,0,955,11,1.23,0.43,1.66,0,163,0,
2026-07-27T17:41:44.590079+00:00,2026-07-27,521,Kulusevski,19,3,65,0,0,0.0,0,0,0,0,i,,0,0.0,0,0,0,0,0.00,0.00,0.00,0,0,0,Knee injury - Unknown return date
2026-07-27T17:41:44.590079+00:00,2026-07-27,522,Gray,19,3,50,0,0,0.2,0,0,0,0,a,,,0.0,61,0,1471,18,1.50,1.29,2.79,0,237,6,
2026-07-27T17:41:44.590079+00:00,2026-07-27,523,Moore,19,3,50,0,0,0.1,0,0,0,0,a,,,0.0,0,0,0,0,0.00,0.00,0.00,0,0,0,
2026-07-27T17:41:44.590079+00:00,2026-07-27,524,Olusesi,19,3,45,0,0,0.9,0,0,0,0,a,,,0.0,1,0,14,0,0.00,0.01,0.01,0,3,0,
2026-07-27T17:41:44.590079+00:00,2026-07-27,525,Fernandes,19,3,60,0,0,4.6,0,0,0,0,a,,,0.0,135,0,3017,35,1.99,2.96,4.95,0,659,7,
2026-07-27T17:41:44.590079+00:00,2026-07-27,526,Solanke,19,4,60,0,0,3.4,0,0,0,0,a,,,0.0,40,0,997,11,2.97,0.34,3.30,0,187,4,
2026-07-27T17:41:44.590079+00:00,2026-07-27,527,Richarlison,19,4,60,0,0,1.6,0,0,0,0,a,,,0.0,119,0,1954,20,8.64,1.46,10.10,0,505,17,
2026-07-27T17:41:44.590079+00:00,2026-07-27,528,Scarlett,19,4,45,0,0,1.8,0,0,0,0,a,,,0.0,2,0,7,0,0.00,0.01,0.01,0,5,0,
2026-07-27T17:41:44.590079+00:00,2026-07-27,529,Roefs,20,1,50,0,0,5.8,0,0,0,0,a,,,0.0,136,0,3150,35,0.00,0.10,0.10,0,573,12,
2026-07-27T17:41:44.590079+00:00,2026-07-27,530,Patterson,20,1,40,0,0,1.1,0,0,0,0,a,,,0.0,0,0,0,0,0.00,0.00,0.00,0,0,0,
2026-07-27T17:41:44.590079+00:00,2026-07-27,531,Ellborg,20,1,45,0,0,0.1,0,0,0,0,a,,,0.0,16,0,270,3,0.00,0.02,0.02,0,62,3,
2026-07-27T17:41:44.590079+00:00,2026-07-27,532,Ballard,20,2,50,0,0,2.7,0,0,0,0,a,,,0.0,116,0,2144,24,2.46,0.63,3.09,0,340,9,
2026-07-27T17:41:44.590079+00:00,2026-07-27,533,Mukiele,20,2,55,0,0,8.1,0,0,0,0,a,,,0.0,151,0,2784,32,1.62,2.65,4.27,0,489,11,
2026-07-27T17:41:44.590079+00:00,2026-07-27,534,Hume,20,2,45,0,0,1.4,0,0,0,0,a,,,0.0,110,0,3032,34,2.27,2.05,4.32,0,383,6,
2026-07-27T17:41:44.590079+00:00,2026-07-27,535,Alderete,20,2,50,0,0,1.3,0,0,0,0,a,,,0.0,125,0,2797,32,1.62,0.91,2.52,0,400,5,
2026-07-27T17:41:44.590079+00:00,2026-07-27,536,Reinildo,20,2,45,0,0,0.6,0,0,0,0,a,,,0.0,74,0,1966,23,0.13,0.62,0.75,0,281,6,
2026-07-27T17:41:44.590079+00:00,2026-07-27,537,Seelt,20,2,45,0,0,0.0,0,0,0,0,a,,,0.0,2,0,133,1,0.00,0.01,0.01,0,11,0,
2026-07-27T17:41:44.590079+00:00,2026-07-27,538,Hjelde,20,2,40,0,0,0.4,0,0,0,0,a,,,0.0,0,0,0,0,0.00,0.00,0.00,0,0,0,
2026-07-27T17:41:44.590079+00:00,2026-07-27,539,O'Nien,20,2,40,0,0,2.3,0,0,0,0,a,,,0.0,26,0,565,5,0.15,0.13,0.28,0,90,1,
2026-07-27T17:41:44.590079+00:00,2026-07-27,540,Masuaku,20,2,40,0,0,1.5,0,0,0,0,a,,,0.0,1,0,125,2,0.07,0.08,0.15,0,4,0,
2026-07-27T17:41:44.590079+00:00,2026-07-27,541,Meunier,20,2,45,0,0,0.5,0,0,0,0,a,,,0.0,0,0,0,0,0.00,0.00,0.00,0,0,0,
2026-07-27T17:41:44.590079+00:00,2026-07-27,542,E.Le Fée,20,3,60,0,0,7.6,0,0,0,0,a,,,0.0,147,0,2930,33,5.22,5.95,11.17,0,621,16,
2026-07-27T17:41:44.590079+00:00,2026-07-27,543,Diarra,20,3,55,0,0,0.1,0,0,0,0,a,,,0.0,65,0,1403,15,3.27,0.85,4.12,0,209,3,
2026-07-27T17:41:44.590079+00:00,2026-07-27,544,Xhaka,20,3,55,0,0,6.4,0,0,0,0,a,,,0.0,124,0,2901,32,1.01,3.73,4.74,0,603,8,
2026-07-27T17:41:44.590079+00:00,2026-07-27,545,Sadiki,20,3,50,0,0,0.5,0,0,0,0,a,,,0.0,80,0,2891,33,1.43,1.46,2.89,0,410,0,
2026-07-27T17:41:44.590079+00:00,2026-07-27,546,Adingra,20,3,50,0,0,0.4,0,0,0,0,a,,,0.0,34,0,649,9,0.35,0.62,0.97,0,81,3,
2026-07-27T17:41:44.590079+00:00,2026-07-27,547,Mundle,20,3,50,0,0,0.0,0,0,0,0,a,,,0.0,14,0,399,2,0.87,0.48,1.35,0,42,0,
2026-07-27T17:41:44.590079+00:00,2026-07-27,548,Rigg,20,3,50,0,0,0.1,0,0,0,0,a,,,0.0,36,0,758,11,0.86,0.93,1.79,0,136,1,
2026-07-27T17:41:44.590079+00:00,2026-07-27,549,Talbi,20,3,55,0,0,0.2,0,0,0,0,a,,,0.0,83,0,1553,16,2.13,1.18,3.30,0,248,6,
2026-07-27T17:41:44.590079+00:00,2026-07-27,550,Jocelin.T,20,3,50,0,0,0.0,0,0,0,0,a,,,0.0,1,0,38,1,0.00,0.04,0.04,0,4,0,
2026-07-27T17:41:44.590079+00:00,2026-07-27,551,Angulo,20,3,50,0,0,0.1,0,0,0,0,a,,,0.0,13,0,401,5,0.77,0.12,0.89,0,43,0,
2026-07-27T17:41:44.590079+00:00,2026-07-27,552,Brobbey,20,4,60,0,0,22.8,0,0,0,0,a,,,0.0,92,0,1920,22,6.02,0.67,6.69,0,309,12,
2026-07-27T17:41:44.590079+00:00,2026-07-27,553,Isidor,20,4,55,0,0,1.4,0,0,0,0,a,,,0.0,74,0,1148,11,4.70,0.38,5.08,0,266,7,
